{
	"crystalized.credits":"Tubbo_ & Das TubNet Team (some assets), Callum_Is_Bad, Das Crystalized Team.",

	"crystalized.generic.yes":"Ja",
	"crystalized.generic.no":"Nein",
	"crystalized.generic.accept":"Akzeptieren",
	"crystalized.generic.deny":"Ablehnen",
	"crystalized.generic.queue.actionbar":"Du wartest momentan in der Schlange für %1$s. (%2$s/%3$s) Tippe /unqueue um die Schlange zu verlassen.",

	"crystalized.game.generic.solo":"Solo",
	"crystalized.game.generic.teamed":"Teamed",
	"crystalized.game.generic.duos":"Duos",
	"crystalized.game.generic.trios":"Trios",
	"crystalized.game.generic.kills":"Getötet",
	"crystalized.game.generic.deaths":"Tode",
	"crystalized.game.generic.team":"Teams",
	"crystalized.game.generic.money":"Geld",
	"crystalized.game.generic.gameresults":"Spielresultate",
	"crystalized.game.generic.startingsoon1":"Das Spiel startet bald",
	"crystalized.game.generic.playersrequired1":"(",
	"crystalized.game.generic.playersrequired2":" benötigte Spieler)",
	"crystalized.game.generic.gamecancelled":"Spiel abgesagt, zu wenig Spieler!",
	"crystalized.game.generic.startingin":"Startet in:",
	"crystalized.game.generic.go":"Los Geht's!",
	"crystalized.game.generic.team.spectator":"Zuschauer",
	"crystalized.game.generic.team.blue":"Blau",
	"crystalized.game.generic.team.cyan":"Türkis",
	"crystalized.game.generic.team.green":"Grün",
	"crystalized.game.generic.team.lemon":"Zitrone",
	"crystalized.game.generic.team.lime":"Limete",
	"crystalized.game.generic.team.magenta":"Magenta",
	"crystalized.game.generic.team.orange":"Orange",
	"crystalized.game.generic.team.peach":"Pfirsich",
	"crystalized.game.generic.team.purple":"Lila",
	"crystalized.game.generic.team.red":"Rot",
	"crystalized.game.generic.team.white":"Wheiß",
	"crystalized.game.generic.team.yellow":"Gelb",

	"crystalized.lobby.chat.welcomemessage1":"Willkommen bei Crystalized!",
	"crystalized.lobby.chat.welcomemessage2":"Crystalized ist noch nicht fertig, Erwarte bugs, Solltest du bugs finden, bitte melde diese bei Crystalized's Entwicklern in unserem Discord.",
	"crystalized.lobby.chat.clientwarning":"Wir haben erkannt, dass du ein Client verwendest (z,B, Feather Client) von dem wir wissen, dass es Probleme mit Crystalized verursacht, Wir empfehlen Fabric mit Sodium + Iris für das beste Spielerlebniss.",
	"crystalized.lobby.litestrike.shortdesc":"Team gegen Team PVP gamemode.",
	"crystalized.lobby.litestrike.desc1":"In diesem Spiel werdet ihr in 2 Teams aufgeteilt, Entschärfer und Plazierer.",
	"crystalized.lobby.litestrike.desc2":"Die Plazierer müssen die Bombe plazieren und verteidigen und die Entschärfer",
	"crystalized.lobby.litestrike.desc3":"halten entweder die Plazierer davon ab die Bombe zu plazieren oder entschäft sie.",
	"crystalized.lobby.litestrike.desc4":"Benutzt den Shop um spezielle Schwerter, Bögen, Armbrüste und Gegenstände zu Kaufen",
	"crystalized.lobby.litestrike.credits":"Ursprünglich basiert auf TubNet's \"Lightstrike\", nun nachgemacht und open-source!",
	"crystalized.lobby.knockoff.shortdesc":"Super Smash Bros aber in Minecraft",
	"crystalized.lobby.knockoff.desc1":"Schlage Spieler herunter, Anders als im normalen PVP, hast du ein prozent-basiertes",
	"crystalized.lobby.knockoff.desc2":"Schadenssystem, je höher deine Prozentzahl, desto mehr",
	"crystalized.lobby.knockoff.dsec3":"Rückschlag erhälst du, während des Spiels wird das Spielfeld zerfallen und neue",
	"crystalized.lobby.knockoff.desc4":"Teile werden spawnen, Powerups und unendliche Blöcke sind verfügbar",
	"crystalized.lobby.knockoff.credits":"Ursprünglich basiert auf TubNet's \"Knockout\", nun nachgemacht und open-source!",

	"crystalized.shardcore.generic.scrollright":"Scrolle nach rechts",
	"crystalized.shardcore.generic.scrollleft":"Scrolle nach links",
	"crystalized.shardcore.settings.name":"Einstellungen",
	"crystalized.shardcore.profile.name":"Profil",
	"crystalized.shardcore.profile.inviteparty":"Lade %1$s in deine Party ein",
	"crystalized.shardcore.profile.inviteparty.yourself":"Du kannst dich nicht zu deiner eigenen Party einladen",
	"crystalized.shardcore.profile.addfriend":"Sende %1$s eine Freundschaftsanfrage",
	"crystalized.shardcore.profile.addfriend.yourself":"Du kannst dich nicht selbst als Freund hinzufügen",
	"crystalized.shardcore.profile.return":"Zurück zum Hauptmenü.",
	"crystalized.shardcore.profile.xp":"%1$s's XP (Lvl %2$s)",
	"crystalized.shardcore.profile.xp2":"Nächste Belohnung: %1$s (%2$s XP benötigt)",
	"crystalized.shardcore.profile.info":"Spieler Info",
	"crystalized.shardcore.profile.info.cycle":"Drücke %1$s um durch Spiele zu scrollen.",
	"crystalized.shardcore.profile.info.ls":"Litestrike Statistik",
	"crystalized.shardcore.profile.info.cb":"Crystal Blitz Statistik",
	"crystalized.shardcore.profile.info.ko":"Knockoff Statistik",
	"crystalized.shardcore.profile.info.br":"Battle Royale Statistik",
	"crystalized.shardcore.profile.info.b":"Botanica Statistik",
	"crystalized.shardcore.games.name":"Spiele",
	"crystalized.shardcore.party.name":"Freunde & Party",
	"crystalized.shardcore.party.addfriend":"Freund hinzufügen",
	"crystalized.shardcore.party.addparty":"Lade %1$s in eine Party ein",
	"crystalized.shardcore.party.addparty.full":"Du kannst %1$s nicht zu deiner Party hinzufügen. Deine Party ist  voll.",
	"crystalized.shardcore.party.removefriend":"Freund entfernen",
	"crystalized.shardcore.shop.name":"Shardcore Shop",
	"crystalized.shardcore.achivements.name":"Erfolge",
	"crystalized.shardcore.maps.name":"Karten",

	"crystalized.game.knockoff.name":"Knockoff",
	"crystalized.game.knockoff.round":"Runde",
	"crystalized.game.knockoff.lives":"verbleibende Leben",
	"crystalized.game.knockoff.nextround":"nächste Runde",
	"crystalized.game.knockoff.respawn1":"Du wirst respawnen in ",
	"crystalized.game.knockoff.respawn2":" Sekunden.",
	"crystalized.game.knockoff.powerupmessage":"Powerup!",
	"crystalized.game.knockoff.go":"Schlag Spieler von der Plattform!",
	"crystalized.game.knockoff.chat.tutorial":"Schlage Gegner in die Leere bis ihnen die Leben ausgehen, aber sei vorsichtig, du must währenddessen Gefahren ausweichen.",
	"crystalized.game.knockoff.chat.powerup":"Ein powerup ist erschienen!",
	"crystalized.game.knockoff.chat.powerup2":"2 powerups sind erschienen!",
	"crystalized.game.knockoff.chat.powerupadmin":"Ein Admin hat ein PowerUp gespawned!",
	"crystalized.game.knockoff.chat.movetosafety1":"Das Spielfeld zerfällt, ",
	"crystalized.game.knockoff.chat.movetosafety2":"Begieb dich in Sicherheit!",
	"crystalized.game.knockoff.chat.hazard":"Gefahr im Anmarsch: ",
	"crystalized.game.knockoff.chat.deathknockoff":" wurde heruntergeschlagen von ",
	"crystalized.game.knockoff.chat.deathgeneric":" ist gestorben.",
	"crystalized.game.knockoff.chat.eliminated":" wurde vom Spiel eliminiert",
	"crystalized.game.knockoff.chat.pickedup":" hat ein %1$s aufgehoben ",
	"crystalized.game.knockoff.win":"Gewinnt das Spiel!",
	"crystalized.game.knockoff.queue.playing":"Du spielst auf: ",
	"crystalized.game.knockoff.queue.waiting":"Warten auf Spieler: ",
	"crystalized.game.knockoff.hazard.slimetime":"Schleim Zeit",
	"crystalized.game.knockoff.hazard.flyingcars":"Fliegende Autos",
	"crystalized.game.knockoff.hazard.poisonbushes":"Giftige Büsche!",
	"crystalized.game.knockoff.hazard.flooriscrystals":"Der Boden ist Kristall!",
	"crystalized.game.knockoff.hazard.splitmapinhalf":"Die Welt wird halbiert!",
	"crystalized.game.knockoff.hazard.train":"Ist das ein Zug?",
	"crystalized.game.knockoff.hazard.snowballs":"Schneebälle!",
	"crystalized.game.knockoff.minidescs.boostorb":"Schleudert dich sofort nach oben!",
	"crystalized.game.knockoff.minidescs.bridgeorb":"Baut eine Brücke vor dir!",
	"crystalized.game.knockoff.minidescs.knockoutorb":"Schleudert einen Spieler-suchenden Kristall!",
	"crystalized.game.knockoff.minidescs.grappleorb":"Zieht dich an einen Block!",
	"crystalized.game.knockoff.minidescs.cloudtotem":"Fängt dich wenn du fällst!",
	"crystalized.game.knockoff.minidescs.explosiveorb":"Schießt einen Feuerball",
	"crystalized.game.knockoff.minidescs.poisonorb":"Erschafft giftiges Gas",
	"crystalized.game.knockoff.minidescs.boxingglove":"Schlägt Spieler härter!",
	"crystalized.game.knockoff.minidescs.windcharge":"Wurfwaffe und Spieler booster!",
	"crystalized.game.knockoff.minidescs.wingedorb":"Flieg durch den Himmel!",

	"crystalized.game.litestrike.name":"Litestrike",
	"crystalized.game.litestrike.objective":"Bleib bei deinem Team!",
	"crystalized.game.litestrike.start1":"Das Spiel startet in:  ",
	"crystalized.game.litestrike.start2":" Sekunden!",
	"crystalized.game.litestrike.breakers":"Entschärfer",
	"crystalized.game.litestrike.placers":"Plazierer",
	"crystalized.game.litestrike.tutorial.generic1":" Du bist ein*e ",
	"crystalized.game.litestrike.tutorial.placer1":" geh mit deinem Team und plaziere die Bombe an einem der gekennzeichneten Bombenzonen!",
	"crystalized.game.litestrike.tutorial.placer2":" oder töte das gegenerisch Team!",
	"crystalized.game.litestrike.tutorial.breaker1":" töte das gegnerische Team und halte sie davon ab die Bombe zu plazieren!",
	"crystalized.game.litestrike.tutorial.breaker2":" wenn sie die Bombe plazieren, entschärfe sie.",
	"crystalized.game.litestrike.switching":"Seitenwechsel!",
	"crystalized.game.litestrike.bombplanted":"Die Bombe wurde plaziert!",
	"crystalized.game.litestrike.tie_breaker":"Entscheidungssatz! Der finale Kampf wird nun beginnen! Jeder bekommt den Gesamtbetrag!",
	"crystalized.game.litestrike.money.receive":"Du erhälst ",
	"crystalized.game.litestrike.money.selling":" für das Verkaufen eines Gegenstandes.",
	"crystalized.game.litestrike.money.last_round":" für die letzte Runde.",
	"crystalized.game.litestrike.money.next_round":" für die nächste Runde.",
	"crystalized.game.litestrike.money.win_round":" für das Gewinnen der Runde.",
	"crystalized.game.litestrike.money.loose_round":" für das Verlieren der Runde.",
	"crystalized.game.litestrike.money.kill":" für das Töten ",
	"crystalized.game.litestrike.money.assist":" für das assistieren beim Töten ",

	"crystalized.game.crystalblitz.name":"Crystal Blitz",
	"crystalized.game.crystalblitz.bluenexus":"Blauer Nexus",
	"crystalized.game.crystalblitz.cyannexus":"Türkiser Nexus",
	"crystalized.game.crystalblitz.greennexus":"Grüner Nexus",
	"crystalized.game.crystalblitz.limenexus":"Hellgrüner Nexus",
	"crystalized.game.crystalblitz.purplenexus":"Lilafarbener Nexus",
	"crystalized.game.crystalblitz.rednexus":"Roter Nexus",
	"crystalized.game.crystalblitz.yellownexus":"Gelber Nexus",
	"crystalized.game.crystalblitz.whitenexus":"Weißer Nexus",
	"crystalized.game.crystalblitz.weaknode":"Schwacher Knoten",
	"crystalized.game.crystalblitz.weaknode.mine":"Baue mich ab!",
	"crystalized.game.crystalblitz.strongnode":"Starker Knoten",
	"crystalized.game.crystalblitz.genspeed":"Gen. Schnelligkeit: ",
	"crystalized.game.crystalblitz.chat.tutorial":"Verteidige deinen Nexus, sammle resourcen und kämpfe gegen andere Teams. Die letzte lebende Person gewinnt!",
	"crystalized.game.crystalblitz.chat.worldborder":"Die Weltengrenze wird in einer Minute erscheinen. Bereite dich vor.",
	"crystalized.game.crystalblitz.chat.nexusbroken":" wurde zerschmettert von ",
	"crystalized.game.crystalblitz.chat.nexusattack":"Dein Nexus wird angegriffen!",
	"crystalized.game.crystalblitz.bossbar.worldborder":"Die Weltengrenze wird kleiner: ",
	"crystalized.game.crystalblitz.bossbar.upgrade":"Nächstes Gen. Upgrade: ",

	"crystalized.cosmetic.shardcorenexus3/blue":"Blau",
	"crystalized.cosmetic.shardcorenexus3/gray":"Grau",
	"crystalized.cosmetic.shardcorenexus3/purple":"Lila",
	"crystalized.cosmetic.shardcorenexus3/augustify":"Augustify's design",
	"crystalized.cosmetic.shardcorenexus3/abby1":"Abbymcraft's design",
	"crystalized.cosmetic.shardcorenexus3/shadow1":"sh4d0w_xd's design",

	"crystalized.cosmetic/head/beanie":"Beanie",
	"crystalized.cosmetic/head/crown":"Krone",
	"crystalized.cosmetic/head/fox_beret":"Fuchs Baskenmütze",
	"crystalized.cosmetic/head/headphones":"Kopfhörer",
	"crystalized.cosmetic/head/merica":"Cowboy Hut",

	"crystalized.cosmetic/handheld/handbag":"Handtasche",
	"crystalized.cosmetic/handheld/merica_flag":"Amerikanische Flagge",

	"crystalized.item.bomb.name":"S.H.A.R.D.",
	"crystalized.item.bomb.desc":"Dies ist die Bombe.",
	"crystalized.item.bomb.desc2":"Halte Rechtsklick auf Terrakotta um sie zu plazieren.",
	"crystalized.item.bomb.desc3":"404: LORE_NOT_FOUND (cmon mira)",
	"crystalized.item.nexusblock.name":"Nexus Block",
	"crystalized.item.nexusblock.desc":"Niemand weiß woher es kommt aber dir steht es zur Verfügung.",
	"crystalized.item.nexusblock.desc2":"Es wird gesagt, dass dies, die in letzter Zeit stärkste Energiequelle ist.",
	"crystalized.item.dragonarrow.name":"Drachenpfeil",
	"crystalized.item.arrows.name":"Pfeile",
	"crystalized.item.dragonarrow.desc":"Erzeugt eine Wolke, welche Spielern schadet",
	"crystalized.item.explosivearrow.name":"Explodierender Pfeil",
	"crystalized.item.explosivearrow.desc":"Explodiert beim Einschlag",
	"crystalized.item.shardcore3.name":"Shardcore Nexus 3",
	"crystalized.item.shardcore3.desc":"Dieser praktische Gegenstand wird dir helfen in der Lobby und auf dem Server zurechtzukommen!",
	"crystalized.item.shardcore3.actionbar":" um das Gerät zu öffnen.",
	"crystalized.item.weakshard.name":"Schwache Scherbe",
	"crystalized.item.stoneshard.name":"Starke Scherbe",
	"crystalized.item.nexusshard.name":"Nexus Scherbe",
	"crystalized.item.boxingglove.name":"Knockoff Boxhandschuh",
	"crystalized.item.boxingglove.desc":"Schlägt Spieler weiter weg, limitierte Anzahl an Nutzungen.",
	"crystalized.item.defuser.name":"Entschärfer",
	"crystalized.item.defuser.desc1":"Sei kein Verlierer,",
	"crystalized.item.defuser.desc2":"kauf einen entschäfer - Tubbo",
	"crystalized.item.gapple.desc1":"Regeneration II für 5s",
	"crystalized.item.gapple.desc2":"Absorption I für 2m",
	"crystalized.item.building.desc":"%1$s Baublöcke.",

	"crystalized.item.pickaxe.wooden.desc1":"Starter Spitzhacke",
	"crystalized.item.pickaxe.wooden.desc2":"1 Nexus Schaden",
	"crystalized.item.pickaxe.stone.desc1":"Durchschnittliche Spitzhacke, viel mehr auch nicht.",
	"crystalized.item.pickaxe.stone.desc2":"2 Nexus Schaden",
	"crystalized.item.pickaxe.iron.desc1":"wie bricht wie bricht!",
	"crystalized.item.pickaxe.iron.desc2":"3 Nexus Schaden",
	"crystalized.item.pickaxe.diamond.desc1":"Stärkste Spitzhacke.",
	"crystalized.item.pickaxe.diamond.desc2":"5 Nexus Schaden",

	"crystalized.sword.wood.desc":"Starter Schwert",
	"crystalized.sword.stone.desc":"Durchschnittliches Schwert, viel mehr auch nicht.",
	"crystalized.sword.iron.desc":"stech stech!",
	"crystalized.sword.diamond.desc":"Stärkstes Schwert.",
	"crystalized.sword.slime.name":"Schleimschwert",
	"crystalized.sword.slime.desc1":"Gibt extra Rückschlag",
	"crystalized.sword.slime.desc2":"und macht Spieler langsamer.",
	"crystalized.sword.pufferfish.name":"Kugelfischschwert",
	"crystalized.sword.pufferfish.desc":"Vergiftet Spieler bei Kontakt.",
	"crystalized.sword.wind.name":"Briesendolch",
	"crystalized.sword.wind.desc":"Schleudern: Rechtsklicke um zu Schleudern. Du kannst zweimal mit Abkühlzeit schleudern.",
	"crystalized.sword.underdog.name":"Unterlegenenschwert",
	"crystalized.sword.underdog.desc":"Gewinnt pro verlorener Runde an Schärfe.",

	"crystalized.crossbow.desc":"Schießt Pfeile, ein Pfeil can nach dem Laden für später aufgehoben werden.",
	"crystalized.crossbow.multi.name":"Multiarmbrust",
	"crystalized.crossbow.multi.desc":"Schießt mehrere Pfeile.",
	"crystalized.crossbow.quickcharge.name":"Schnellladearmbrust",
	"crystalized.crossbow.quickcharge.desc":"Lädt schneller als normal.",
	"crystalized.crossbow.charged.name":"Aufgeladene Armbrust",
	"crystalized.crossbow.charged.desc":"Ersetzt Pfeile mit Laserstrahlen, welche Spieler sofort treffen!",

	"crystalized.bow.desc":"Schießt Pfeile, spanne komplett für die maximale Reichweite.",
	"crystalized.bow.marksman.name":"Scharfschützenbogen",
	"crystalized.bow.marksman.desc":"Extra Schaden alle 10 Blöcke.",
	"crystalized.bow.explosive.name":"Explodierender Bogen",
	"crystalized.bow.explosive.desc1":"Pfeile explodieren beim Einschlag.",
	"crystalized.bow.explosive.desc2":"Verstärkt mit explodierenden Pfeilen.",
	"crystalized.bow.ricochet.name":"Abprallbogen",
	"crystalized.bow.ricochet.desc":"Pfeile hüpfen meherere Male.",
	"crystalized.bow.angled.name":"Geneigter Bogen",
	"crystalized.bow.angled.desc":"Horizontal gehaltener Bogen welcher extra Schaden macht",

	"crystalized.orb.boost.name":"Boost Orb",
	"crystalized.orb.boost.desc":"Gibt dir einen Schnelligkeitsboost in die Richtung, in die du schaust, kann dich auch in die Luft katapultieren.",
	"crystalized.orb.bridge.name":"Brücken Orb",
	"crystalized.orb.bridge.desc":"Baut eine Brücke in die geworfene Richtung.",
	"crystalized.orb.explosive.name":"Explodierender Orb",
	"crystalized.orb.explosive.desc":"Schießt einen Feuerball.",
	"crystalized.orb.grappling.name":"Haken Orb",
	"crystalized.orb.grappling.desc":"Feuere einen Enterhaken, der dich dahin zieht wohin du ihn schiesst! Du kannst damit auch Spieler näher an dich ziehen.",
	"crystalized.orb.healing.name":"Heilender Orb",
	"crystalized.orb.healing.desc":"tba",
	"crystalized.orb.knockout.name":"Knockout Orb",
	"crystalized.orb.knockout.desc":"Feuere ein automatisch zielendes Geschoss zu dem nächsten Spieler.",
	"crystalized.orb.poison.name":"Gift Orb",
	"crystalized.orb.poison.desc":"Generiert einen %1$s Block Radius der feindliche Spieler für %2$s Sekunden vergiftet.",
	"crystalized.orb.winged.name":"Beflügelter Orb",
	"crystalized.orb.winged.desc":"Katapultiert dich gen Himmel! (Gibt dir eine Elytra, welche wenn möglich deine Brustplatte ersetzt)",

	"crystalized.totem.antiair.name":"Anti-Luft Totem",
	"crystalized.totem.antiair.desc":"Stopt Elytra Bewegungen im Radius des Totems.",
	"crystalized.totem.cloud.name":"Wolkentotem",
	"crystalized.totem.cloud.desc":"Erschafft eine Plattform unter dir.",
	"crystalized.totem.defence.name":"Abwehrtotem",
	"crystalized.totem.defence.desc":"Blockt alle fliegende Projektile in seinem Radius.",
	"crystalized.totem.healing.name":"Heilungstotem",
	"crystalized.totem.healing.desc":"Gibt dir Regeneration im Radius des Totem.",
	"crystalized.totem.launch.name":"Katapultotem",
	"crystalized.totem.launch.desc1":"Katapultiert alle Spieler (auch dich) im Radius des Totem in die Luft",
	"crystalized.totem.launch.desc2":"(Gibt dir und anderen Spielern eine Elytra, welche wenn möglich deine Brustplatte ersetzt)",
	"crystalized.totem.slime.name":"Schleimtotem",
	"crystalized.totem.slime.desc":"tba",

	"title.multiplayer.other": "Mehrspieler - Crystalized",
	"container.inventory":" ",
	"menu.game": "§d§lCrystalized"
}