{
	"crystalized.credits":"Tubbo_ & The TubNet Team (some assets), Callum_Is_Bad, The Crystalized Team.",

	"crystalized.generic.yes":"Yes",
	"crystalized.generic.no":"No",
	"crystalized.generic.accept":"Accept",
	"crystalized.generic.deny":"Deny",
	"crystalized.generic.queue.actionbar":"You are currently in the queue for %1$s. (%2$s/%3$s) Type /unqueue to leave the queue.",

	"crystalized.game.generic.solo":"Solo",
	"crystalized.game.generic.teamed":"Teamed",
	"crystalized.game.generic.duos":"Duos",
	"crystalized.game.generic.trios":"Trios",
	"crystalized.game.generic.kills":"ᴋɪʟʟꜱ",
	"crystalized.game.generic.deaths":"Deaths",
	"crystalized.game.generic.team":"ᴛᴇᴀᴍ",
	"crystalized.game.generic.money":"ᴍᴏɴᴇʏ",
	"crystalized.game.generic.gameresults":"ɢᴀᴍᴇ ʀᴇsᴜʟᴛs",
	"crystalized.game.generic.startingsoon1":"Game starting soon",
	"crystalized.game.generic.playersrequired1":"(",
	"crystalized.game.generic.playersrequired2":" Players required)",
	"crystalized.game.generic.gamecancelled":"Game cancelled, too few players!",
	"crystalized.game.generic.startingin":"Starting in:",
	"crystalized.game.generic.go":"Go!",
	"crystalized.game.generic.team.spectator":"Spectator",
	"crystalized.game.generic.team.blue":"Blue",
	"crystalized.game.generic.team.cyan":"Cyan",
	"crystalized.game.generic.team.green":"Green",
	"crystalized.game.generic.team.lemon":"Lemon",
	"crystalized.game.generic.team.lime":"Lime",
	"crystalized.game.generic.team.magenta":"Magenta",
	"crystalized.game.generic.team.orange":"Orange",
	"crystalized.game.generic.team.peach":"Peach",
	"crystalized.game.generic.team.purple":"Purple",
	"crystalized.game.generic.team.red":"Red",
	"crystalized.game.generic.team.white":"White",
	"crystalized.game.generic.team.yellow":"Yellow",

	"crystalized.lobby.chat.welcomemessage1":"Welcome to Crystalized!",
	"crystalized.lobby.chat.welcomemessage2":"Crystalized is in an unfinished state, Expect bugs. If you find any bugs please report them to Crystalized's developers through the Discord.",
	"crystalized.lobby.chat.clientwarning":"We've detected you're using a client (eg, Feather Client) that is known to cause problems with Crystalized, We recommend using Fabric with Sodium + Iris for the best experience.",
	"crystalized.lobby.litestrike.shortdesc":"Team v Team PVP gamemode.",
	"crystalized.lobby.litestrike.desc1":"In this game you are separated into 2 teams, Breakers and Placers.",
	"crystalized.lobby.litestrike.desc2":"The Placers must place the bomb and defend it, and the Breakers must",
	"crystalized.lobby.litestrike.desc3":"either stop the Placers from placing the bomb or break the bomb.",
	"crystalized.lobby.litestrike.desc4":"Use the shop to buy Custom Swords, Bows, Crossbows and Items",
	"crystalized.lobby.litestrike.credits":"Originally based on TubNet's \"Lightstrike\", now remade and open-source!",
	"crystalized.lobby.knockoff.shortdesc":"Super Smash Bros but Minecraft",
	"crystalized.lobby.knockoff.desc1":"Knock Players off. Unlike normal PVP, You have a percentage-based",
	"crystalized.lobby.knockoff.desc2":"damage system where the higher your percantage is, the more",
	"crystalized.lobby.knockoff.dsec3":"knockback you take. During gameplay the map will crumble with new",
	"crystalized.lobby.knockoff.desc4":"sections spawning, Powerups and Infinite Blocks are available",
	"crystalized.lobby.knockoff.credits":"Originally based on TubNet's \"Knockout\", now remade and open-source!",
	"crystalized.lobby.crystalblitz.shortdesc":"short description here",
	"crystalized.lobby.crystalblitz.desc1":"Multiple teams must protect their Nexus from getting destoryed by the",
	"crystalized.lobby.crystalblitz.desc2":"other teams. Buy Items from the shop, Mine resources from crystal shards,",
	"crystalized.lobby.crystalblitz.desc3":"Break other teams' nexus' to get Nexus Shards.",
	"crystalized.lobby.crystalblitz.desc4":"Last team standing wins.",
	"crystalized.lobby.crystalblitz.credits":"Originally based on TubNet's \"Crystal Rush\", now remade and open-source!",

	"crystalized.shardcore.generic.scrollright":"Scroll Right",
	"crystalized.shardcore.generic.scrollleft":"Scroll Left",
	"crystalized.shardcore.settings.name":"Settings",
	"crystalized.shardcore.profile.name":"Profile",
	"crystalized.shardcore.profile.inviteparty":"Invite %1$s to your party",
	"crystalized.shardcore.profile.inviteparty.yourself":"You can't invite yourself to your own party",
	"crystalized.shardcore.profile.addfriend":"Send %1$s a friend request",
	"crystalized.shardcore.profile.addfriend.yourself":"You can't add yourself as a friend",
	"crystalized.shardcore.profile.return":"Return to home menu.",
	"crystalized.shardcore.profile.xp":"%1$s's XP (Lvl %2$s)",
	"crystalized.shardcore.profile.xps":"Next reward: %1$s (%2$s XP needed)",
	"crystalized.shardcore.profile.info":"Player info",
	"crystalized.shardcore.profile.info.cycle":"Press %1$s to cycle through games.",
	"crystalized.shardcore.profile.info.ls":"Litestrike Stats",
	"crystalized.shardcore.profile.info.cb":"Crystal Blitz Stats",
	"crystalized.shardcore.profile.info.ko":"Knockoff Stats",
	"crystalized.shardcore.profile.info.br":"Battle Royale Stats",
	"crystalized.shardcore.profile.info.b":"Botanica Stats",
	"crystalized.shardcore.games.name":"Games",
	"crystalized.shardcore.party.name":"Friends & Party",
	"crystalized.shardcore.party.addfriend":"Add Friend",
	"crystalized.shardcore.party.addparty":"Invite %1$s to a party",
	"crystalized.shardcore.party.addparty.full":"You can't add %1$s to your party as your party is full.",
	"crystalized.shardcore.party.removefriend":"Remove friend",
	"crystalized.shardcore.shop.name":"Shardcore Shop",
	"crystalized.shardcore.shop.hats":"Hats",
	"crystalized.shardcore.shop.handheld":"Handheld Items",
	"crystalized.shardcore.shop.scn3":"Shardcore Nexus designs",
	"crystalized.shardcore.achivements.name":"Achivements",
	"crystalized.shardcore.maps.name":"Maps",

	"crystalized.game.knockoff.name":"Knockoff",
	"crystalized.game.knockoff.round":"ʀᴏᴜɴᴅ",
	"crystalized.game.knockoff.lives":"ʟɪᴠᴇꜱ ʟᴇꜰᴛ",
	"crystalized.game.knockoff.nextround":"ɴᴇxᴛ ʀᴏᴜɴᴅ",
	"crystalized.game.knockoff.respawn1":"You will respawn in ",
	"crystalized.game.knockoff.respawn2":" seconds.",
	"crystalized.game.knockoff.powerupmessage":"Powerup!",
	"crystalized.game.knockoff.go":"Knock Players Off!",
	"crystalized.game.knockoff.chat.tutorial":"Knock enemies into the void until they run out of lives, but be careful, you must avoid hazards along the way.",
	"crystalized.game.knockoff.chat.powerup":"A powerup has spawned!",
	"crystalized.game.knockoff.chat.powerup2":"2 powerups have spawned!",
	"crystalized.game.knockoff.chat.powerupadmin":"An Admin has spawned a powerup!",
	"crystalized.game.knockoff.chat.movetosafety1":"The map is crumbling, ",
	"crystalized.game.knockoff.chat.movetosafety2":"Move to Safety!",
	"crystalized.game.knockoff.chat.hazard":"Hazard incoming: ",
	"crystalized.game.knockoff.chat.deathknockoff":" was knocked off by ",
	"crystalized.game.knockoff.chat.deathgeneric":" has died.",
	"crystalized.game.knockoff.chat.eliminated":" has been eliminated from the game",
	"crystalized.game.knockoff.chat.pickedup":"%1$s has picked up a ",
	"crystalized.game.knockoff.win":"Wins the game!",
	"crystalized.game.knockoff.queue.playing":"You are playing on: ",
	"crystalized.game.knockoff.queue.waiting":"Waiting for Players: ",
	"crystalized.game.knockoff.hazard.slimetime":"Slime Time",
	"crystalized.game.knockoff.hazard.flyingcars":"Flying Cars",
	"crystalized.game.knockoff.hazard.poisonbushes":"Poisonous Bushes",
	"crystalized.game.knockoff.hazard.flooriscrystals":"The Floor is Crystals!",
	"crystalized.game.knockoff.hazard.splitmapinhalf":"The Map is Split in Half!",
	"crystalized.game.knockoff.hazard.train":"Is that a Train?",
	"crystalized.game.knockoff.hazard.snowballs":"Snowballs!",
	"crystalized.game.knockoff.hazard.watersprouts":"Water Sprouts",
	"crystalized.game.knockoff.hazard.curseofslownness":"Curse of Slowness",
	"crystalized.game.knockoff.hazard.pufferfish":"Pufferfishes of doom!",
	"crystalized.game.knockoff.hazard.beeattack":"Bee Attack!",
	"crystalized.game.knockoff.hazard.slimesofstacking":"Slimes of Stacking!",
	"crystalized.game.knockoff.hazard.lightning":"Lightning Strikes!",
	"crystalized.game.knockoff.minidescs.boostorb":"Instantly launches you upwards!",
	"crystalized.game.knockoff.minidescs.bridgeorb":"Creates a bridge in front of you!",
	"crystalized.game.knockoff.minidescs.knockoutorb":"Launches a Player-Seeking Crystal",
	"crystalized.game.knockoff.minidescs.grappleorb":"Pulls yourself towards a block!",
	"crystalized.game.knockoff.minidescs.cloudtotem":"Catches your fall!",
	"crystalized.game.knockoff.minidescs.explosiveorb":"Shoots a fireball",
	"crystalized.game.knockoff.minidescs.poisonorb":"Creates a gas of poison",
	"crystalized.game.knockoff.minidescs.boxingglove":"Punches Players Harder!",
	"crystalized.game.knockoff.minidescs.windcharge":"Throwable Weapon and Player Booster!",
	"crystalized.game.knockoff.minidescs.wingedorb":"Fly through the sky!",

	"crystalized.game.litestrike.name":"Litestrike",
	"crystalized.game.litestrike.objective":"ꜱᴛᴀʏ ᴡɪᴛʜ ʏᴏᴜʀ ᴛᴇᴀᴍ!",
	"crystalized.game.litestrike.start1":"ᴛʜᴇ ɢᴀᴍᴇ ᴡɪʟʟ ꜱᴛᴀʀᴛ ɪɴ  ",
	"crystalized.game.litestrike.start2":" ꜱᴇᴄᴏɴᴅꜱ!",
	"crystalized.game.litestrike.breakers":"Breakers",
	"crystalized.game.litestrike.placers":"Placers",
	"crystalized.game.litestrike.tutorial.generic1":" ʏᴏᴜ ᴀʀᴇ ᴀ ",
	"crystalized.game.litestrike.tutorial.placer1":" ɢᴏ ᴡɪᴛʜ ʏᴏᴜʀ ᴛᴇᴀᴍ ᴀɴᴅ ᴘʟᴀᴄᴇ ᴛʜᴇ ʙᴏᴍʙ ᴀᴛ ᴏɴᴇ ᴏғ ᴛʜᴇ ᴅᴇsɪɢɴᴀᴛᴇᴅ ʙᴏᴍʙ sɪᴛᴇs!!",
	"crystalized.game.litestrike.tutorial.placer2":" ᴏʀ ᴋɪʟʟ ᴛʜᴇ ᴇɴᴇᴍʏ Tᴇᴀᴍ!",
	"crystalized.game.litestrike.tutorial.breaker1":" ᴋɪʟʟ ᴛʜᴇ Eɴᴇᴍʏ ᴛᴇᴀᴍ ᴀɴᴅ ᴘʀᴇᴠᴇɴᴛ ᴛʜᴇᴍ ғʀᴏᴍ ᴘʟᴀᴄɪɴɢ ᴛʜᴇ ʙᴏᴍʙ!",
	"crystalized.game.litestrike.tutorial.breaker2":" ɪғ ᴛʜᴇʏ ᴘʟᴀᴄᴇ ᴛʜᴇ ʙᴏᴍʙ, ʙʀᴇᴀᴋ ɪᴛ.",
	"crystalized.game.litestrike.switching":"ꜱᴡɪᴛᴄʜɪɴɢ ꜱɪᴅᴇꜱ!!",
	"crystalized.game.litestrike.bombplanted":"ᴛʜᴇ ʙᴏᴍʙ ʜᴀꜱ ʙᴇᴇɴ ᴘʟᴀɴᴛᴇᴅ!",
	"crystalized.game.litestrike.tie_breaker":"ᴛɪᴇ-ʙʀᴇᴀᴋᴇʀ! ᴛʜᴇ ꜰɪɴᴀʟ ʙᴀᴛᴛʟᴇ ᴡɪʟʟ ɴᴏᴡ ᴄᴏᴍᴍᴇɴᴄᴇ! ᴇᴠᴇʀʏᴏɴᴇ ɢᴇᴛꜱ ꜰᴜʟʟ ᴍᴏɴᴇʏ!",
	"crystalized.game.litestrike.money.receive":"ʏᴏᴜ ʀᴇᴄᴇɪᴠᴇᴅ ",
	"crystalized.game.litestrike.money.selling":" ꜰᴏʀ ꜱᴇʟʟɪɴɢ ᴀɴ ɪᴛᴇᴍ.",
	"crystalized.game.litestrike.money.last_round":" ꜰᴏʀ ᴛʜᴇ ʟᴀꜱᴛ ʀᴏᴜɴᴅ.",
	"crystalized.game.litestrike.money.next_round":" ꜰᴏʀ ᴛʜᴇ ɴᴇxᴛ ʀᴏᴜɴᴅ.",
	"crystalized.game.litestrike.money.win_round":" ꜰᴏʀ ᴛʜᴇ ᴡɪɴɴɪɴɢ ʀᴏᴜɴᴅ.",
	"crystalized.game.litestrike.money.loose_round":" ꜰᴏʀ ᴛʜᴇ ʟᴏꜱɪɴɢ ʀᴏᴜɴᴅ.",
	"crystalized.game.litestrike.money.kill":" ꜰᴏʀ ᴋɪʟʟɪɴɢ ",
	"crystalized.game.litestrike.money.assist":" ꜰᴏʀ ᴀꜱꜱɪꜱᴛɪɴɢ ᴋɪʟʟɪɴɢ ",

	"crystalized.game.crystalblitz.name":"Crystal Blitz",
	"crystalized.game.crystalblitz.bluenexus":"Blue Nexus",
	"crystalized.game.crystalblitz.cyannexus":"Cyan Nexus",
	"crystalized.game.crystalblitz.greennexus":"Green Nexus",
	"crystalized.game.crystalblitz.limenexus":"Lime Nexus",
	"crystalized.game.crystalblitz.purplenexus":"Purple Nexus",
	"crystalized.game.crystalblitz.magentanexus":"Magenta Nexus",
	"crystalized.game.crystalblitz.rednexus":"Red Nexus",
	"crystalized.game.crystalblitz.yellownexus":"Yellow Nexus",
	"crystalized.game.crystalblitz.whitenexus":"White Nexus",
	"crystalized.game.crystalblitz.weaknode":"Weak Node",
	"crystalized.game.crystalblitz.weaknode.mine":"Mine Me!",
	"crystalized.game.crystalblitz.strongnode":"Strong Node",
	"crystalized.game.crystalblitz.genspeed":"Gen. Speed: ",
	"crystalized.game.crystalblitz.chat.tutorial":"Defend your Nexus, Collect resources and fight other teams. Last person standing wins!",
	"crystalized.game.crystalblitz.chat.worldborder":"A world border will appear in one minute. Prepare yourself.",
	"crystalized.game.crystalblitz.chat.nexusbroken":"%1$s was shattered by %2$s",
	"crystalized.game.crystalblitz.chat.nexusattack":"Your Nexus Crystal is under attack!",
	"crystalized.game.crystalblitz.bossbar.worldborder":"World Border Closes In: ",
	"crystalized.game.crystalblitz.bossbar.upgrade":"Next Gen. Upgrade: ",

	"crystalized.cosmetic.shardcorenexus3/blue":"Blue",
	"crystalized.cosmetic.shardcorenexus3/gray":"Gray",
	"crystalized.cosmetic.shardcorenexus3/purple":"Purple",
	"crystalized.cosmetic.shardcorenexus3/augustify":"Augustify's design",
	"crystalized.cosmetic.shardcorenexus3/abby1":"Abbymcraft's design",
	"crystalized.cosmetic.shardcorenexus3/shadow1":"sh4d0w_xd's design",

	"crystalized.cosmetic/head/beanie":"Beanie",
	"crystalized.cosmetic/head/crown":"Crown",
	"crystalized.cosmetic/head/fox_beret":"Fox Beret",
	"crystalized.cosmetic/head/headphones":"Headphones",
	"crystalized.cosmetic/head/merica":"Cowboy Hat",

	"crystalized.cosmetic/handheld/handbag":"Handbag",
	"crystalized.cosmetic/handheld/merica_flag":"American Flag",

	"crystalized.item.bomb.name":"S.H.A.R.D.",
	"crystalized.item.bomb.desc":"This is the bomb.",
	"crystalized.item.bomb.desc2":"Hold Right Click on Terracotta to place",
	"crystalized.item.bomb.desc3":"404: LORE_NOT_FOUND (cmon mira)",
	"crystalized.item.nexusblock.name":"Nexus Block",
	"crystalized.item.nexusblock.desc":"Nobody knows where this thing comes from but you have this at your disposal.",
	"crystalized.item.nexusblock.desc2":"It is said that this is the most powerful source of energy there is as of recently.",
	"crystalized.item.dragonarrow.name":"Dragon Arrow",
	"crystalized.item.arrows.name":"Arrows",
	"crystalized.item.dragonarrow.desc":"On impact, will create dragon's breath around the arrow that will damage players when they walk on it.",
	"crystalized.item.explosivearrow.name":"Explosive Arrow",
	"crystalized.item.explosivearrow.desc":"Will explode on impact. Amplified with Explosive Bow",
	"crystalized.item.shardcore3.name":"Shardcore Nexus 3",
	"crystalized.item.shardcore3.desc":"This handy device will help you around the lobby and this server!",
	"crystalized.item.shardcore3.actionbar":" to open device.",
	"crystalized.item.weakshard.name":"Weak Shard",
	"crystalized.item.stoneshard.name":"Strong Shard",
	"crystalized.item.nexusshard.name":"Nexus Shard",
	"crystalized.item.boxingglove.name":"Knockoff Boxing Glove",
	"crystalized.item.boxingglove.desc":"Punches players further away, Limited amount of uses.",
	"crystalized.item.defuser.name":"Defuser",
	"crystalized.item.defuser.desc1":"Don't be a loser,",
	"crystalized.item.defuser.desc2":"buy a defuser - Tubbo",
	"crystalized.item.gapple.desc1":"Regeneration II for 5s",
	"crystalized.item.gapple.desc2":"Absorption I for 2m",
	"crystalized.item.building.desc":"%1$s Building Blocks.",

	"crystalized.item.pickaxe.wooden.desc1":"Starting Pickaxe",
	"crystalized.item.pickaxe.wooden.desc2":"1 Nexus Damage",
	"crystalized.item.pickaxe.stone.desc1":"Adverage Pickaxe, nothing more to say.",
	"crystalized.item.pickaxe.stone.desc2":"2 Nexus Damage",
	"crystalized.item.pickaxe.iron.desc1":"how break how break!",
	"crystalized.item.pickaxe.iron.desc2":"3 Nexus Damage",
	"crystalized.item.pickaxe.diamond.desc1":"Most powerful pickaxe.",
	"crystalized.item.pickaxe.diamond.desc2":"5 Nexus Damage",

	"crystalized.sword.wood.desc":"Starting Sword",
	"crystalized.sword.stone.desc":"Average Sword, nothing more to say.",
	"crystalized.sword.iron.desc":"stab stab!",
	"crystalized.sword.diamond.desc":"Most powerful sword.",
	"crystalized.sword.slime.name":"Slime Sword",
	"crystalized.sword.slime.desc1":"Deals extra Knockback",
	"crystalized.sword.slime.desc2":"and slows Players down.",
	"crystalized.sword.pufferfish.name":"Pufferfish Sword",
	"crystalized.sword.pufferfish.desc":"Poisons players on contact.",
	"crystalized.sword.wind.name":"Breeze Dagger",
	"crystalized.sword.wind.desc":"Dash ability: Right Click to Dash. You have 2 Dashes with a cooldown.",
	"crystalized.sword.underdog.name":"Underdog Sword",
	"crystalized.sword.underdog.desc":"Gains 0.5 extra damage per team loss.",

	"crystalized.crossbow.desc":"Shoot arrows, Arrow can be saved for later once loaded.",
	"crystalized.crossbow.multi.name":"Multi Crossbow",
	"crystalized.crossbow.multi.desc":"Shoots multiple arrows.",
	"crystalized.crossbow.quickcharge.name":"Quick Charge Crossbow",
	"crystalized.crossbow.quickcharge.desc":"Charges quicker than normal.",
	"crystalized.crossbow.charged.name":"Charged Crossbow",
	"crystalized.crossbow.charged.desc":"Replaces arrows with a lazer beam attack that hits players instantly!",

	"crystalized.bow.desc":"Shoot arrows, Charge fully for maximum distance.",
	"crystalized.bow.marksman.name":"Marksman Bow",
	"crystalized.bow.marksman.desc":"Extra damage every 10 blocks.",
	"crystalized.bow.explosive.name":"Explosive Bow",
	"crystalized.bow.explosive.desc1":"Arrows explode on impact.",
	"crystalized.bow.explosive.desc2":"Amplified with Explosive Arrows.",
	"crystalized.bow.ricochet.name":"Ricochet Bow",
	"crystalized.bow.ricochet.desc":"Arrows bounce multiple times.",
	"crystalized.bow.angled.name":"Angled Bow",
	"crystalized.bow.angled.desc":"Horizontal-holding Bow that does extra damage.",

	"crystalized.orb.boost.name":"Boost Orb",
	"crystalized.orb.boost.desc":"Gives you a speed boost in whatever direction you're looking towards, can also left you up in the air.",
	"crystalized.orb.bridge.name":"Bridge Orb",
	"crystalized.orb.bridge.desc":"Makes a bridge in whatever direction you throw this at.",
	"crystalized.orb.explosive.name":"Explosive Orb",
	"crystalized.orb.explosive.desc":"Shoots a fireball.",
	"crystalized.orb.grappling.name":"Grapple Orb",
	"crystalized.orb.grappling.desc":"Fire a grapple hook that will pull you towards wherever you throw this! Can also be used to drag players towards you.",
	"crystalized.orb.healing.name":"Healing Orb",
	"crystalized.orb.healing.desc":"tba",
	"crystalized.orb.knockout.name":"Knockout Orb",
	"crystalized.orb.knockout.desc":"Launch a auto-targetting missile to target the nearist player.",
	"crystalized.orb.poison.name":"Poison Orb",
	"crystalized.orb.poison.desc":"Generates a %1$s block radius that poisons enemy teams for %2$s seconds.",
	"crystalized.orb.winged.name":"Winged Orb",
	"crystalized.orb.winged.desc":"Launches you to the sky! (Will give you an elytra which will replace your chestplace if applicable)",

	"crystalized.totem.antiair.name":"Anti-Air Totem",
	"crystalized.totem.antiair.desc":"Stops elytra movement within the Totem's radius.",
	"crystalized.totem.cloud.name":"Cloud Totem",
	"crystalized.totem.cloud.desc":"Creates a platform below you.",
	"crystalized.totem.defence.name":"Defence Totem",
	"crystalized.totem.defence.desc":"Blocks all flying projectiles in its radius",
	"crystalized.totem.healing.name":"Healing Totem",
	"crystalized.totem.healing.desc":"Gives you regeneration within the Totem's radius.",
	"crystalized.totem.launch.name":"Launch Totem",
	"crystalized.totem.launch.desc1":"Launches players (including you) into the air within the Totem's radius",
	"crystalized.totem.launch.desc2":"(Will give you and other players an elytra which will replace your chestplace if applicable)",
	"crystalized.totem.slime.name":"Slime Totem",
	"crystalized.totem.slime.desc":"tba",

	"title.multiplayer.other": "Multiplayer - Crystalized",
	"container.inventory":" ",
	"menu.game": "§d§lCrystalized"
}
