{
	"crystalized.generic.yes":"Sí",
	"crystalized.generic.accept":"Sí",
	"crystalized.generic.deny":"No",

	"crystalized.game.generic.team":"Equipo",
	"crystalized.game.generic.team.blue":"Azul",
	"crystalized.game.generic.team.cyan":"Cian",
	"crystalized.game.generic.team.green":"Verde",
	"crystalized.game.generic.team.lemon":"Lemón",
	"crystalized.game.generic.team.lime":"Lime",
	"crystalized.game.generic.team.magenta":"Magenta",
	"crystalized.game.generic.team.orange":"Naranja",
	"crystalized.game.generic.team.peach":"Peach",
	"crystalized.game.generic.team.purple":"Violeta",
	"crystalized.game.generic.team.red":"Roja",
	"crystalized.game.generic.team.white":"Blanco",
	"crystalized.game.generic.team.yellow":"Amarillo",

	"crystalized.shardcore.app.settings.name":"Opciones",
	"crystalized.shardcore.app.profile.name":"Perfil",
	"crystalized.shardcore.app.games.name":"Juegos",
	"crystalized.shardcore.app.party.name":"Amigos y Partida",
	"crystalized.shardcore.app.shop.name":"Tienda",

	"crystalized.game.knockoff.name":"Knockoff",
	"crystalized.game.knockoff.respawn1":"Tú de reaparecer en ",
	"crystalized.game.knockoff.respawn2":" segundos.",
	"crystalized.game.knockoff.chat.deathknockoff":" ha muerto porque de ",
	"crystalized.game.knockoff.chat.deathgeneric":" ha muerto",
	"crystalized.game.knockoff.chat.eliminated":" es eliminado del juego.",
	"crystalized.game.knockoff.win":"Gana del juego!",

	"crystalized.game.litestrike.name":"Litestrike",

	"title.multiplayer.other": "Multijugador - Crystalized",
	"container.inventory":" ",
	"menu.game": "§d§lCrystalized"
}