{
    "crystalized.credits": "Tubbo_ & l’ Équipe TubNet (quelques atouts), Callum_Is_Bad, L’Équipe Crystalized .",

    "crystalized.generic.yes": "Oui",
    "crystalized.generic.no": "Non",
    "crystalized.generic.accept": "Accepter",
    "crystalized.generic.deny": "Refuser",
    "crystalized.generic.queue.actionbar":"Vous êtes actuellement dans la file d'attente depuis %1$s. (%2$s/%3$s) Tapez /unqueue pour quitter la file d'attente.",

    "crystalized.game.generic.solo": "Solo",
    "crystalized.game.generic.teamed": "Équipé",
    "crystalized.game.generic.duos": "Duos",
    "crystalized.game.generic.trios": "Trios",
    "crystalized.game.generic.kills": "tuer",
    "crystalized.game.generic.deaths": "Décès",
    "crystalized.game.generic.team": "Équipe",
    "crystalized.game.generic.money": "Argent",
    "crystalized.game.generic.gameresults": "résultats du jeu",
    "crystalized.game.generic.startingsoon1": "Jeu commence bientôt",
    "crystalized.game.generic.playersrequired1": "(",
    "crystalized.game.generic.playersrequired2": "Joueurs requis)",
    "crystalized.game.generic.gamecancelled": "Jeu annulé trop peu de joueurs!",
    "crystalized.game.generic.startingin": "Commançant dans:",
    "crystalized.game.generic.go": "Aller!",
    "crystalized.game.generic.team.spectator":"Spectateur",
    "crystalized.game.generic.team.blue": "Bleu",
    "crystalized.game.generic.team.cyan": "Cyan",
    "crystalized.game.generic.team.green": "Verte",
    "crystalized.game.generic.team.lemon": "Citron",
    "crystalized.game.generic.team.lime": "Citron Verte",
    "crystalized.game.generic.team.magenta": "Magenta",
    "crystalized.game.generic.team.orange": "Orange",
    "crystalized.game.generic.team.peach": "Pêche",
    "crystalized.game.generic.team.purple": "Violet",
    "crystalized.game.generic.team.red": "Rouge",
    "crystalized.game.generic.team.white": "Blanche",
    "crystalized.game.generic.team.yellow": "Jaune",

    "crystalized.lobby.chat.welcomemessage1": "Bienvenue à Crystalized!",
    "crystalized.lobby.chat.welcomemessage2": "Crystalized est dans un état incomplet Attendez-vous à des problèmes. Si vous trouvez des problèmes, veuillez les signaler aux développeurs de Crystalized via Discord.",
    "crystalized.lobby.chat.clientwarning": " Nous avons détecté que vous utilisez un client (parexemple, Feather Client) connu pour causer des problèmes avec Crystalized. Nous vousrecommandons d'utiliser Fabric avec Sodium + Iris pour une expérience optimale.",
    "crystalized.lobby.litestrike.shortdesc": " Mode de Jeu Équipe v Équipe PVP.",
    "crystalized.lobby.litestrike.desc1": " Dans ce jeu, vous êtes divisé en 2 équipes, les Briseurset les Placers.",
    "crystalized.lobby.litestrike.desc2": " Les Placers doivent placer la bombe et la défendre, etles Briseurs doivent ",
    "crystalized.lobby.litestrike.desc3": " soit empêcher les Placers de placer la bombe ou briserla bombe.",
    "crystalized.lobby.litestrike.desc4": " Utilisez la magasin pour acheter des épées, des arcs,des arbalètes et des articles",
    "crystalized.lobby.litestrike.credits": " Basé à l'origine sur \"Lightstrike\" de Tubnet,maintenant refait et open-source!",
    "crystalized.lobby.knockoff.shortdesc": "Super Smash Bros mais Minecraft",
    "crystalized.lobby.knockoff.desc1": " Faites tomber les joueurs. Contrairement au PVPnormal, vous avez un pourcentage basé ",
    "crystalized.lobby.knockoff.desc2": " système de dommage où plus votre pourcentage estélevé, plus de ",
    "crystalized.lobby.knockoff.dsec3": " recul que vous subissez. Pendant le jeu, la cartes'effondrera avec de nouveaux ",
    "crystalized.lobby.knockoff.desc4": " Les sections d'apparition, les bonus et les blocs infinissont disponibles ",
    "crystalized.lobby.knockoff.credits": " Basé à l'origine sur \"Knockout\", de Tubnetmaintenant refait et open-source!",

    "crystalized.shardcore.generic.scrollright":" Défilez vers la droite",
    "crystalized.shardcore.generic.scrollleft":" Défilez vers la gauche",
    "crystalized.shardcore.settings.name":"Paramètres",
    "crystalized.shardcore.profile.name":"Profil",
    "crystalized.shardcore.profile.inviteparty":"Invitez %1$s à votre group",
    "crystalized.shardcore.profile.inviteparty.yourself":"Vous ne pouvez pas vous inviter dans votre propre groupe ",
    "crystalized.shardcore.profile.addfriend":"envoyez %1$s une demande d’ami",
    "crystalized.shardcore.profile.addfriend.yourself":"Vous ne pouvez pas vous ajouter en tant qu’ami",
    "crystalized.shardcore.profile.return":"Retour au menu d’accueil.",
    "crystalized.shardcore.profile.xp":"XP d’/de %1$s  (Lvl %2$s)",
    "crystalized.shardcore.profile.xp2":"Prochaine récompense: %1$s (%2$s XP nécessaire)",
    "crystalized.shardcore.profile.info":"informations sur le joueur",
    "crystalized.shardcore.profile.info.cycle":"Pressez %1$s pour parcourir les jeux.",
    "crystalized.shardcore.profile.info.ls":"Statistiques de Litestrike ",
    "crystalized.shardcore.profile.info.cb":" Statistiques de Crystal Blitz ",
    "crystalized.shardcore.profile.info.ko":"Statistiques de Knockoff ",
    "crystalized.shardcore.profile.info.br":"Statistiques de Battle Royale ",
    "crystalized.shardcore.profile.info.b":"Statistiques de Botanica ",
    "crystalized.shardcore.games.name":"Jeux",
    "crystalized.shardcore.party.name":"Amis & Groupe",
    "crystalized.shardcore.party.addfriend":"Ajoutez un ami",
    "crystalized.shardcore.party.addparty":"Invitez %1$s à une groupe",
    "crystalized.shardcore.party.addparty.full":"Vous ne pouvez pas ajouter  %1$s à votre groupe comme votre groupe is complet.",
    "crystalized.shardcore.party.removefriend":"Supprimez un ami",
    "crystalized.shardcore.shop.name":"le magasin de Shardcore ",
    "crystalized.shardcore.achivements.name":"Réalisations",
    "crystalized.shardcore.maps.name":"Plans",

    "crystalized.game.knockoff.name": "Knockoff",
    "crystalized.game.knockoff.round": "Tour",
    "crystalized.game.knockoff.lives": "Vies Restantes",
    "crystalized.game.knockoff.nextround": "Prochain tour",
    "crystalized.game.knockoff.go":"Faites tomber les joueurs!",
    "crystalized.game.knockoff.chat.tutorial":"Projeter les ennemis dans le vide jusqu’à ce qu’ils n’aient plus de vies,Mais attention,vous devez éviter les dangers en cours de route.",
    "crystalized.game.knockoff.respawn1": " Vous réapparaîtrez dans ",
    "crystalized.game.knockoff.respawn2": " secondes.",
    "crystalized.game.knockoff.powerupmessage": "Bonus!",
    "crystalized.game.knockoff.chat.powerup": "Un bonus est apparu!",
    "crystalized.game.knockoff.chat.powerup2": "2 bonuses sont apparus!",
    "crystalized.game.knockoff.chat.powerupadmin":"Un administrateur a généré un power-up !",
    "crystalized.game.knockoff.chat.movetosafety1": "Le plan s’effrondre, ",
    "crystalized.game.knockoff.chat.movetosafety2": " Mettez-vous en sécurité!",
    "crystalized.game.knockoff.chat.hazard": "Danger Entrant: ",
    "crystalized.game.knockoff.chat.deathknockoff": " a été renversé(é) par ",
    "crystalized.game.knockoff.chat.deathgeneric": " est mort(e).",
    "crystalized.game.knockoff.chat.eliminated": " a été éliminé(é) du jeu ",
    "crystalized.game.knockoff.chat.pickedup": "%1$s a ramassé ",
    "crystalized.game.knockoff.win": " gagne le jeu!",
    "crystalized.game.knockoff.queue.playing": "Vous Jouez sur: ",
    "crystalized.game.knockoff.queue.waiting": " En attente des joueurs: ",
    "crystalized.game.knockoff.hazard.slimetime": "temps du slime ",
    "crystalized.game.knockoff.hazard.flyingcars":"Voitures Volantes",
    "crystalized.game.knockoff.hazard.poisonbushes":"Buissons Vénéneux",
    "crystalized.game.knockoff.hazard.flooriscrystals":"Le sol est en Cristaux!",
    "crystalized.game.knockoff.hazard.splitmapinhalf":"La plan est divisée en deux!",
    "crystalized.game.knockoff.hazard.train":"Est-ce un train?",
    "crystalized.game.knockoff.hazard.snowballs":"Boules de Neige!",
    "crystalized.game.knockoff.minidescs.boostorb":"Vous propulse instantanément vers le haut!",
    "crystalized.game.knockoff.minidescs.bridgeorb":"Crée un pont devant vous!",
    "crystalized.game.knockoff.minidescs.knockoutorb":"Lance un Cristal de Recherche de Joueur",
    "crystalized.game.knockoff.minidescs.grappleorb":"Se tire vers un bloc!",
    "crystalized.game.knockoff.minidescs.cloudtotem":"Rattrape votre chute!",
    "crystalized.game.knockoff.minidescs.explosiveorb":"Tire une boule de feu",
    "crystalized.game.knockoff.minidescs.poisonorb":"Crée un gaz vénéneux",
    "crystalized.game.knockoff.minidescs.boxingglove":"Frappe plus fort les joueurs!",
    "crystalized.game.knockoff.minidescs.windcharge":"Arme jetable et  booster de joueur!",
    "crystalized.game.knockoff.minidescs.wingedorb":"Voler dans le ciel!",

    "crystalized.game.litestrike.name": "Litestrike",
    "crystalized.game.litestrike.objective": "Restez avec votre équipe!",
    "crystalized.game.litestrike.start1": " LE JEU COMMENCERA DANS ",
    "crystalized.game.litestrike.start2": " ꜱᴇᴄᴏɴᴅeꜱ!",
    "crystalized.game.litestrike.breakers": "Briseurs",
    "crystalized.game.litestrike.placers": "Placers",
    "crystalized.game.litestrike.tutorial.generic1": " Vous êtes un ",
    "crystalized.game.litestrike.tutorial.placer1": " Allez avec votre équip et placer la bombesur l'un des sites désignés pour les bombardements",
    "crystalized.game.litestrike.tutorial.placer2": "Ou tuer l’équipe ennemi!",
    "crystalized.game.litestrike.tutorial.breaker1": " Tuer l’équipe ennemi et les arrêter deplacer la bombe!",
    "crystalized.game.litestrike.tutorial.breaker2": "S’ils placent la bombe,Brizez La.",
    "crystalized.game.litestrike.switching": " Changer de côté!!",
    "crystalized.game.litestrike.bombplanted": "La bombe a été posé!",
    "crystalized.game.litestrike.tie_breaker": "C'est le tie-breaker ! La bataille finale vamaintenant commencer ! Tout le monde reçoit l'intégralité de l'argent!",
    "crystalized.game.litestrike.money.receive": "Vous avez reçu ",
    "crystalized.game.litestrike.money.selling": " Pour vendre un article.",
    "crystalized.game.litestrike.money.last_round": "Pour la tour dernière.",
    "crystalized.game.litestrike.money.next_round": " Pour la prochain tour.",
    "crystalized.game.litestrike.money.win_round": " Pour la tour gagnant.",
    "crystalized.game.litestrike.money.loose_round": "Pour la tour perdant.",
    "crystalized.game.litestrike.money.kill": " Pour tuer",
    "crystalized.game.litestrike.money.assist": " Pour avoir aidé à tuer ",

    "crystalized.game.crystalblitz.name": "Crystal Blitz",
    "crystalized.game.crystalblitz.bluenexus": "Nexus Bleu",
    "crystalized.game.crystalblitz.cyannexus": "Nexus Cyan",
    "crystalized.game.crystalblitz.greennexus": " Nexus Vert",
    "crystalized.game.crystalblitz.limenexus": " Nexus Citron Vert",
    "crystalized.game.crystalblitz.purplenexus": " Nexus Violet",
    "crystalized.game.crystalblitz.rednexus": " Nexus Rouge",
    "crystalized.game.crystalblitz.yellownexus": " Nexus Jaune",
    "crystalized.game.crystalblitz.whitenexus": "Nexus blanc",
    "crystalized.game.crystalblitz.weaknode": " Noeud faible",
    "crystalized.game.crystalblitz.weaknode.mine": "Minez- Moi!",
    "crystalized.game.crystalblitz.strongnode": "Noeud forte ",
    "crystalized.game.crystalblitz.genspeed": "Vitesse.gen: ",
    "crystalized.game.crystalblitz.chat.tutorial": " Défendez votre Nexus, collectez desressources et combattez d'autres équipes. Le dernier survivant gagne!",
    "crystalized.game.crystalblitz.chat.worldborder": "Une frontière mondiale apparaîtra dansune minute. Préparez-vous.",
    "crystalized.game.crystalblitz.chat.nexusbroken1": " s'est brisé!",
    "crystalized.game.crystalblitz.chat.nexusbroken2": "%1$s a été brisé par %2$s",
    "crystalized.game.crystalblitz.chat.nexusattack": " Votre cristal Nexus est attaqué!",
    "crystalized.game.crystalblitz.bossbar.worldborder": " La frontière mondiale se referme: ",
    "crystalized.game.crystalblitz.bossbar.upgrade": " Prochaine mise à niveau. gen: ",

    "crystalized.cosmetic.shardcorenexus3/blue":"Bleu",
    "crystalized.cosmetic.shardcorenexus3/gray":"Gris",
    "crystalized.cosmetic.shardcorenexus3/purple":"Violet",
    "crystalized.cosmetic.shardcorenexus3/augustify":"Conception d’Augustify",
    "crystalized.cosmetic.shardcorenexus3/abby1":"Conception d’Abbymcraft",
    "crystalized.cosmetic.shardcorenexus3/shadow1":"Conception de sh4d0w_xd",

    "crystalized.cosmetic/head/beanie":"Bonnet",
    "crystalized.cosmetic/head/crown":"Couronne",
    "crystalized.cosmetic/head/fox_beret":"Béret de renard",
    "crystalized.cosmetic/head/headphones":"Écouteurs",
    "crystalized.cosmetic/head/merica":"Chapeau de Cowboy",

    "crystalized.cosmetic/handheld/handbag":"Sac à Main",
    "crystalized.cosmetic/handheld/merica_flag":"Drapeau Américain", 

    "crystalized.item.bomb.name": "S.H.A.R.D.",
    "crystalized.item.bomb.desc": " C'est la bombe.",
    "crystalized.item.bomb.desc2": " Maintenez le clic droit sur la terre cuite pour la placer ",
    "crystalized.item.bomb.desc3": "404: TRADITION_PAS_TROUVÉÉ (viens mira)",
    "crystalized.item.nexusblock.name": "bloc de Nexus",
    "crystalized.item.nexusblock.desc": " Personne ne sait d'où vient cette chose, mais vousl'avez à votre disposition.",
    "crystalized.item.nexusblock.desc2": "It is said that this is the most powerful source ofenergy there is as of recently.",
    "crystalized.item.dragonarrow.name": "Dragon Arrow",
    "crystalized.item.arrows.name": "Arrows",
    "crystalized.item.dragonarrow.desc": " À l'impact, créera un souffle de dragon autour de laflèche qui endommagera les joueurs lorsqu'ils marcheront dessus.",
    "crystalized.item.explosivearrow.name": " Flèche explosive ",
    "crystalized.item.explosivearrow.desc": " Explosera à l'impact. Amplifié avec un arc explosif",
    "crystalized.item.shardcore3.name": "Shardcore Nexus 3",
    "crystalized.item.shardcore3.desc": " Cet appareil pratique vous aidera dans le hall et ceserveur!",
    "crystalized.item.shardcore3.actionbar": " pour ouvrir l'appareil.",
    "crystalized.item.weakshard.name": "Tesson faible",
    "crystalized.item.stoneshard.name": "Tesson Forte",
    "crystalized.item.nexusshard.name": " Tesson Nexus",
    "crystalized.item.boxingglove.name":"Gant de boxde de Knockoff",
    "crystalized.item.boxingglove.desc":"Frappe les joueurs plus loin, quantité limitée d'utilisations.",
    "crystalized.item.defuser.name": "Dèsamorceur",
    "crystalized.item.defuser.desc1": "Ne sois pas un perdant,",
    "crystalized.item.defuser.desc2": "Acheter un désamorcer - Tubbo",
    "crystalized.item.gapple.desc1": "Régénération II for 5s",
    "crystalized.item.gapple.desc2": "Absorption I for 2m",
    "crystalized.item.building.desc":"%1$s Blocs de Construction.",

    "crystalized.item.pickaxe.wooden.desc1":"Pioche de Départ",
    "crystalized.item.pickaxe.wooden.desc2":"1 Dégâts du Nexus",
    "crystalized.item.pickaxe.stone.desc1":"pioche Moyenne, rien de plus à dire.",
    "crystalized.item.pickaxe.stone.desc2":"2 Dégâts du Nexus ",
    "crystalized.item.pickaxe.iron.desc1":"Comment casser ,comment casser!",
    "crystalized.item.pickaxe.iron.desc2":"3 Dégâts du Nexus ",
    "crystalized.item.pickaxe.diamond.desc1":"La pioche la plus puissante.",
    "crystalized.item.pickaxe.diamond.desc2":"5 Dégâts du Nexus ",

    "crystalized.sword.wood.desc":"Épée de Départ",
    "crystalized.sword.stone.desc":"Épée Moyenne, rien de plus à dire.",
    "crystalized.sword.iron.desc": " coup de poignard, coup de poignard!",
    "crystalized.sword.diamond.desc":"L’épée la plus puissante.",
    "crystalized.sword.slime.name": "Épée de Slime",
    "crystalized.sword.slime.desc1": " Offres Knockback supplémentaires ",
    "crystalized.sword.slime.desc2": " et ralentit les joueurs.",
    "crystalized.sword.pufferfish.name": " Épée de poisson-globe ",
    "crystalized.sword.pufferfish.desc": " Empoisonne les joueurs au contact.",
    "crystalized.sword.wind.name":"Dague de brise",
    "crystalized.sword.wind.desc":"Capacité de sprint: Clic droit pour sprinter. Vous disposez de deux sprints avec un temps de recharge.",
    "crystalized.sword.underdog.name": " Épée de l'outsider ",
    "crystalized.sword.underdog.desc": " Gagne du niveau de netteté à chaque défaited'équipe.",

    "crystalized.crossbow.desc":" Tire des flèches, une flèche peut être sauvgardée pour plus tard une fois chargée.",
    "crystalized.crossbow.multi.name": " Arbalète multiple ",
    "crystalized.crossbow.multi.desc": " Tire plusieurs flèches.",
    "crystalized.crossbow.quickcharge.name": " Arbalète à charge rapide",
    "crystalized.crossbow.quickcharge.desc": " Charge plus rapidement que la normale.",
    "crystalized.crossbow.charged.name": " Arbalète chargée ",
    "crystalized.crossbow.charged.desc": " Remplace les flèches par une attaque au laser quifrappe les joueurs instantanément!",

    "crystalized.bow.desc":" Tire des flèches, charger complètement pour une distance maximale.",
    "crystalized.bow.marksman.name": "Arc de tireur d'élite ",
    "crystalized.bow.marksman.desc": " Dommage supplémentaires tous les 10 blocs.",
    "crystalized.bow.explosive.name": " Arc explosif ",
    "crystalized.bow.explosive.desc1": " Les flèches explosent à l'impact.",
    "crystalized.bow.explosive.desc2": " Amplifié avec des flèches explosives.",
    "crystalized.bow.ricochet.name": " Arc à ricochet ",
    "crystalized.bow.ricochet.desc": " Les flèches rebondissent plusieurs fois.",
    "crystalized.bow.angled.name": "Arc coudé",
    "crystalized.bow.angled.desc": "Arc à maintien horizontal qui inflige des dégâts supplémentaires.",

    "crystalized.orb.boost.name": " Orbe de boost ",
    "crystalized.orb.boost.desc": "Vous donne un boost de vitesse dans n'importe quelledirection vers laquelle vous regardez, peut également vous laisser en l'air.",
    "crystalized.orb.bridge.name": " Orb de pont",
    "crystalized.orb.bridge.desc": " Crée un pont dans n'importe quelle direction dans laquellevous le lancez.",
    "crystalized.orb.explosive.name": " Orbe explosif ",
    "crystalized.orb.explosive.desc": " Tire une boule de feu.",
    "crystalized.orb.grappling.name": " Orbe de grappin ",
    "crystalized.orb.grappling.desc": " Tirez un grappin qui vous attirera vers l'endroit où vous lelancerez ! Peut également être utilisé pour attirer les joueurs vers vous.",
    "crystalized.orb.healing.name": " Orbe de guérison ",
    "crystalized.orb.healing.desc": "tba",
    "crystalized.orb.knockout.name": " Orbe de Knockout ",
    "crystalized.orb.knockout.desc": " Lancez un missile à ciblage automatique pour cibler lejoueur le plus proche.",
    "crystalized.orb.poison.name": " Orbe de poison ",
    "crystalized.orb.poison.desc": "Génère un a %1$s rayon de bloc qui empoisonne les ennemies pendant %2$s secondes.",
    "crystalized.orb.winged.name": " Orbe ailé ",
    "crystalized.orb.winged.desc": " Vous lance dans le ciel ! (Vous donnera des élytres quiremplaceront votre poitrine si applicable)",

    "crystalized.totem.antiair.name": " Totem anti-aérien ",
    "crystalized.totem.antiair.desc": " Arrête le mouvement des élytres dans le rayon du totem.",
    "crystalized.totem.cloud.name": "Totem de nuage",
    "crystalized.totem.cloud.desc": " Crée une plate-forme en dessous de vous.",
    "crystalized.totem.defence.name": " Totem de défense ",
    "crystalized.totem.defence.desc":"Bloque tous les projectiles volants dans son rayon",
    "crystalized.totem.healing.name": " Totem de guérison ",
    "crystalized.totem.healing.desc": " Vous donne une régénération dans le rayon du Totem.",
    "crystalized.totem.launch.name": "Totem de lancer",
    "crystalized.totem.launch.desc1": " Lance les joueurs (y compris vous) dans les airs dans lerayon du totem ",
    "crystalized.totem.launch.desc2": "(Vous donnera, ainsi qu'aux autres joueurs, des élytresqui remplaceront votre coffre, le cas échéant)",
    "crystalized.totem.slime.name": " Totem de Slime",
    "crystalized.totem.slime.desc": "tba",

    "title.multiplayer.other": "Muiltijoueur - Crystalized",
    "container.inventory": " ",
    "menu.game": "§d§lCrystalized"
}