{
	"crystalized.credits":"Tubbo_ & The TubNet Team (some assets), Callum_Is_Bad, The Crystalized Team.",

	"crystalized.generic.yes":"हाँ",
	"crystalized.generic.no":"नहीं",
	"crystalized.generic.accept":"स्वीकार करें",
	"crystalized.generic.deny":"अस्वीकार करें",
	"crystalized.generic.queue.actionbar":"आप वर्तमान में %1$s की कतार में हैं। (%2$s/%3$s) कतार छोड़ने के लिए /unqueue टाइप करें।",

	"crystalized.game.generic.solo":"अकेला",
	"crystalized.game.generic.teamed":"मिलकर",
	"crystalized.game.generic.duos":"जोड़ी",
	"crystalized.game.generic.trios":"तीन लोग",
	"crystalized.game.generic.kills":"हत्या",
	"crystalized.game.generic.deaths":"मौतें",
	"crystalized.game.generic.team":"टीम",
	"crystalized.game.generic.money":"पैसे",
	"crystalized.game.generic.gameresults":"खेल के परिणाम",
	"crystalized.game.generic.startingsoon1":"खेल जल्द ही शुरू हो रहा है",
	"crystalized.game.generic.playersrequired1":"(",
	"crystalized.game.generic.playersrequired2":" खिलाड़ियों की आवश्यकता है)",
	"crystalized.game.generic.gamecancelled":"बहुत कम खिलाड़ियों के कारण खेल रद्द कर दिया गया है",
	"crystalized.game.generic.startingin":"शुरू होने वाला है:",
	"crystalized.game.generic.go":"जाओ!",
	"crystalized.game.generic.team.spectator":"दर्शक",
	"crystalized.game.generic.team.blue":"नीला",
	"crystalized.game.generic.team.cyan":"सियान",
	"crystalized.game.generic.team.green":"हरा",
	"crystalized.game.generic.team.lemon":"हल्का पीला",
	"crystalized.game.generic.team.lime":"हल्का हरा",
	"crystalized.game.generic.team.magenta":"गुलाबी",
	"crystalized.game.generic.team.orange":"नारंगी",
	"crystalized.game.generic.team.peach":"हल्का गुलाबी",
	"crystalized.game.generic.team.purple":"बैंगनी",
	"crystalized.game.generic.team.red":"लाल",
	"crystalized.game.generic.team.white":"सफेद",
	"crystalized.game.generic.team.yellow":"पीला",

	"crystalized.lobby.chat.welcomemessage1":"क्रिस्टलाइज़्ड में आपका स्वागत है!",
	"crystalized.lobby.chat.welcomemessage2":"क्रिस्टलाइज़्ड अभी अधूरा है, गलतियों की अपेक्षा करें। यदि आपको कोई समस्या दिखाई दे, तो कृपया डिस्कॉर्ड के माध्यम से क्रिस्टलाइज़्ड के डेवलपर्स को सूचित करें।",
	"crystalized.lobby.chat.clientwarning":"हमें पता चला है कि आप एक क्लाइंट का उपयोग कर रहे हैं, जैसे (Feather Client), जो क्रिस्टलाइज़्ड के साथ समस्याएँ पैदा कर सकता है। सर्वोत्तम अनुभव के लिए, हम आपको (Fabric with Sodium + Iris) उपयोग करने की सलाह देते हैं।",
	"crystalized.lobby.litestrike.shortdesc":"टीम बनाम टीम पीवीपी गेम मोड",
	"crystalized.lobby.litestrike.desc1":"इस खेल में आपको दो टीमों में विभाजित किया गया है - बम लगाने वाले और नष्ट करने वाले।",
	"crystalized.lobby.litestrike.desc2":"बम लगाने वालों को बम रखना और उसकी रक्षा करनी चाहिए, और नष्ट करने वालों को ",
	"crystalized.lobby.litestrike.desc3":"या तो बम लगाने वालों को रोकें या बम नष्ट कर दें।",
	"crystalized.lobby.litestrike.desc4":"अपनी पसंदीदा तलवारें, धनुष, क्रॉसबो और अन्य वस्तुएं खरीदने के लिए दुकान का उपयोग करें।",
	"crystalized.lobby.litestrike.credits":"मूल रूप से (TubNet's Lightstreak) पर आधारित, इसे फिर से बनाया गया है और अब ओपन-सोर्स है!",
	"crystalized.lobby.knockoff.shortdesc":"सुपर स्मैश ब्रदर्स लेकिन Minecraft में",
	"crystalized.lobby.knockoff.desc1":"खिलाड़ियों को गिराएँ! पारंपरिक पीवीपी के विपरीत, इसमें प्रतिशत-आधारित सिस्टम है (जितना अधिक आपका प्रतिशत होगा, उतना ही अधिक आप धकेले जाएंगे)।",
	"crystalized.lobby.knockoff.desc2":"नुकसान प्रणाली जहां आपका प्रतिशत जितना अधिक होगा, उतना ही अधिक",
	"crystalized.lobby.knockoff.desc3":"आप धकेले जाएंगे। खेल के समय के साथ, नक्शा टूटना शुरू हो जाएगा (टूटने के बाद एक नया प्लेटफॉर्म बन जाएगा)।",
	"crystalized.lobby.knockoff.desc4":"स्पॉनिंग सेक्शन्स, पावर-अप्स और अनलिमिटेड ब्लॉक्स उपलब्ध हैं।",
	"crystalized.lobby.knockoff.credits":"मूल रूप से (TubNet's Knockout) पर आधारित, इसे फिर से बनाया गया है और अब ओपन-सोर्स है!",

	"crystalized.shardcore.generic.scrollright": "दाएं स्क्रॉल करें",
	"crystalized.shardcore.generic.scrollleft": "बाएं स्क्रॉल करें",
	"crystalized.shardcore.settings.name": "सेटिंग्स",
	"crystalized.shardcore.profile.name": "प्रोफ़ाइल",
	"crystalized.shardcore.profile.inviteparty": "%1$s को अपनी पार्टी में आमंत्रित करें",
	"crystalized.shardcore.profile.inviteparty.yourself": "आप खुद को अपनी पार्टी में आमंत्रित नहीं कर सकते",
	"crystalized.shardcore.profile.addfriend": "%1$s को मित्र अनुरोध भेजें",
	"crystalized.shardcore.profile.addfriend.yourself": "आप खुद को मित्र नहीं बना सकते",
	"crystalized.shardcore.profile.return": "मुख्य मेनू पर वापस जाएं।",
	"crystalized.shardcore.profile.xp": "%1$s का XP (स्तर %2$s)",
	"crystalized.shardcore.profile.xp2": "अगला इनाम: %1$s (%2$s XP आवश्यक)",
	"crystalized.shardcore.profile.info": "खिलाड़ी की जानकारी", 
	"crystalized.shardcore.profile.info.cycle": "खेलों के बीच बदलने के लिए %1$s दबाएं।",
	"crystalized.shardcore.profile.info.ls": "लाइटस्ट्राइक आँकड़े",
	"crystalized.shardcore.profile.info.cb": "क्रिस्टल ब्लिट्ज आँकड़े",
	"crystalized.shardcore.profile.info.ko": "नॉकऑफ़ आँकड़े",
	"crystalized.shardcore.profile.info.br": "बैटल रॉयल आँकड़े",
	"crystalized.shardcore.profile.info.b": "बोटानिका आँकड़े",
	"crystalized.shardcore.games.name": "खेल",
	"crystalized.shardcore.party.name": "मित्र और पार्टी",
	"crystalized.shardcore.party.addfriend": "मित्र जोड़ें",
	"crystalized.shardcore.party.addparty": "%1$s को पार्टी में आमंत्रित करें",
	"crystalized.shardcore.party.addparty.full": "आप %1$s को अपनी पार्टी में नहीं जोड़ सकते क्योंकि आपकी पार्टी पूर्ण है।",
	"crystalized.shardcore.party.removefriend": "मित्र हटाएं",
	"crystalized.shardcore.shop.name": "शार्डकोर दुकान",
	"crystalized.shardcore.achivements.name": "उपलब्धियाँ",
	"crystalized.shardcore.maps.name": "नक्शे",

	"crystalized.game.knockoff.name":"गिरा दिए गए",
	"crystalized.game.knockoff.round":"गोल",
	"crystalized.game.knockoff.lives":"बाकी जीवन",
	"crystalized.game.knockoff.nextround":"अगला राउंड",
	"crystalized.game.knockoff.respawn1":"आप पुनः जन्म लेंगे",
	"crystalized.game.knockoff.respawn2":"कुछ ही क्षणों में",
	"crystalized.game.knockoff.powerupmessage":"शक्तिप्रापक!",
	"crystalized.game.knockoff.go": "खिलाड़ियों को मार गिराना!",
	"crystalized.game.knockoff.chat.tutorial":"दुश्मनों को शून्य में गिराएँ जब तक उनकी ज़िंदगियाँ खत्म न हो जाएँ, लेकिन सावधान रहें, आपको रास्ते में खतरों से बचना होगा।",
	"crystalized.game.knockoff.chat.powerup":"एक पावर अप आ चुका है!",
	"crystalized.game.knockoff.chat.powerup2":"दो पावर अप आ चुके हैं!",
	"crystalized.game.knockoff.chat.powerupadmin": "एक एडमिन ने एक पावरअप पैदा किया है!",
	"crystalized.game.knockoff.chat.movetosafety1":"जमीन धंस रही है,",
	"crystalized.game.knockoff.chat.movetosafety2":"किसी सुरक्षित स्थान पर जाएं।",
	"crystalized.game.knockoff.chat.hazard":"खतरा आने वाला है",
	"crystalized.game.knockoff.chat.deathknockoff":"द्वारा गिरा दिया गया था",
	"crystalized.game.knockoff.chat.deathgeneric":" मर गया है।",
	"crystalized.game.knockoff.chat.eliminated":"खेल से बाहर कर दिया गया है।",
	"crystalized.game.knockoff.chat.pickedup":"%1$s उठा लिया है",
	"crystalized.game.knockoff.win":"खेल जीत गए!",
	"crystalized.game.knockoff.queue.playing":"आप खेल रहे हैं",
	"crystalized.game.knockoff.queue.waiting":"खिलाड़ियों का इंतजार:",
	"crystalized.game.knockoff.hazard.slimetime":"स्लाइम टाइम",
	"crystalized.game.knockoff.hazard.flyingcars":"उड़ने वाली का्रें",
	"crystalized.game.knockoff.hazard.poisonbushes": "जहरीली झाड़ियाँ",
	"crystalized.game.knockoff.hazard.flooriscrystals": "फर्श क्रिस्टल है!",
	"crystalized.game.knockoff.hazard.splitmapinhalf": "नक्शा आधे में विभाजित है!",
	"crystalized.game.knockoff.hazard.train":"क्या वह एक ट्रेन है?",
	"crystalized.game.knockoff.hazard.snowballs": "स्नोबॉल!",
	"crystalized.game.knockoff.minidescs.boostorb": "आपको तुरन्त ऊपर की ओर उछाल देता है।!",
	"crystalized.game.knockoff.minidescs.bridgeorb": "आपके सामने एक पुल बनाता है!",
	"crystalized.game.knockoff.minidescs.knockoutorb": "एक ओर्ब लॉन्च किया जो खिलाड़ी का पता लगाता है।",
	"crystalized.game.knockoff.minidescs.grappleorb": "आपको एक ब्लॉक की ओर खींचता है!",
	"crystalized.game.knockoff.minidescs.cloudtotem": "गिरने से बचाता है!",
	"crystalized.game.knockoff.minidescs.explosiveorb": "एक अग्निकंद (फायरबॉल) छोड़ता है",
	"crystalized.game.knockoff.minidescs.poisonorb": "जहर की गैस छोड़ता है",
	"crystalized.game.knockoff.minidescs.boxingglove": "खिलाड़ियों को ज़ोर से मुक्का मारता है!",
	"crystalized.game.knockoff.minidescs.windcharge": "फेंकने योग्य हथियार और खिलाड़ी को बूस्ट करता है!",
	"crystalized.game.knockoff.minidescs.wingedorb": "आसमान में उड़ो!",

	"crystalized.game.litestrike.name":"Litestrike",
	"crystalized.game.litestrike.objective":"अपनी टीम के साथ रहें!",
	"crystalized.game.litestrike.start1":"खेल शुरू होने वाला है",
	"crystalized.game.litestrike.start2":"कुछ ही क्षणों में",
	"crystalized.game.litestrike.breakers":"तोड़ने वाले",
	"crystalized.game.litestrike.placers":"रखने वाले",	
	"crystalized.game.litestrike.tutorial.generic1":"आप लोग",
	"crystalized.game.litestrike.tutorial.placer1":"अपनी टीम के साथ जाओ और बम को निर्दिष्ट स्थानों में से किसी एक पर रखो",
	"crystalized.game.litestrike.tutorial.placer2":"या दुश्मन की टीम को हरा दो",
	"crystalized.game.litestrike.tutorial.breaker1":"दुश्मन की टीम को हराओ और उन्हें बम रखने से रोको",
	"crystalized.game.litestrike.tutorial.breaker2":"अगर वे बम रख दें, तो उसे नष्ट कर दो",
	"crystalized.game.litestrike.switching":"स्थान बदले जा रहे हैं",
	"crystalized.game.litestrike.bombplanted":"बम लगाया जा चुका है",
	"crystalized.game.litestrike.tie_breaker":"टाई ब्रेकर! अब अंतिम लड़ाई शुरू होगी! सभी को पूरे पैसे मिलेंगे!",
	"crystalized.game.litestrike.money.receive":"आपने प्राप्त किए",
	"crystalized.game.litestrike.money.selling":"एक वस्तु बेचने के लिए",
	"crystalized.game.litestrike.money.last_round":"आखिरी दौर के लिए",
	"crystalized.game.litestrike.money.next_round":"अगले राउंड के लिए",
	"crystalized.game.litestrike.money.win_round":"जीतने वाले राउंड के लिए",
	"crystalized.game.litestrike.money.loose_round":"हारने वाले राउंड के लिए",
	"crystalized.game.litestrike.money.kill":"मारने के लिए",
	"crystalized.game.litestrike.money.assist":"मारने में सहायता करने के लिए",

	"crystalized.game.crystalblitz.name":"क्रिस्टल ब्लिट्ज",
	"crystalized.game.crystalblitz.bluenexus":"नीला Nexus",
	"crystalized.game.crystalblitz.cyannexus":"सियान Nexus",
	"crystalized.game.crystalblitz.greennexus":"हरा Nexus",
	"crystalized.game.crystalblitz.limenexus":"हल्का हरा Nexus",
	"crystalized.game.crystalblitz.purplenexus":"बैंगनी Nexus",
	"crystalized.game.crystalblitz.rednexus":"लाल Nexus",
	"crystalized.game.crystalblitz.yellownexus":"पीला Nexus",
	"crystalized.game.crystalblitz.whitenexus":"सफेद Nexus",
	"crystalized.game.crystalblitz.weaknode":"कमजोर नोड",
	"crystalized.game.crystalblitz.weaknode.mine":"मुझे खोदो",
	"crystalized.game.crystalblitz.strongnode":"मजबूत नोड",
	"crystalized.game.crystalblitz.genspeed":"जनरल गति",
	"crystalized.game.crystalblitz.chat.tutorial":"अपने आधार को सुरक्षित रखें, संसाधन एकत्र करें, और अन्य टीमों से लड़ें। अंतिम स्थान पर खड़ा व्यक्ति जीतता है!",
	"crystalized.game.crystalblitz.chat.worldborder":"वैश्विक सीमा एक मिनट में दिखाई देगी. अपने आप को तैयार करें।",
	"crystalized.game.crystalblitz.chat.nexusbroken":"तोड़ दिया गया",
	"crystalized.game.crystalblitz.chat.nexusattack":"आपका Nexus Crystal हमले की चपेट में है!",
	"crystalized.game.crystalblitz.bossbar.worldborder":"वर्ल्ड बॉर्डर सिमट रहा है:",
	"crystalized.game.crystalblitz.bossbar.upgrade":"अगला जनरल अपग्रेड:",

	"crystalized.cosmetic.shardcorenexus3/blue": "नीला",
	"crystalized.cosmetic.shardcorenexus3/gray": "धूसर",
	"crystalized.cosmetic.shardcorenexus3/purple": "बैंगनी",
	"crystalized.cosmetic.shardcorenexus3/augustify": "Augustify's डिज़ाइन",
	"crystalized.cosmetic.shardcorenexus3/abby1": "Abbymcraft's डिज़ाइन",
	"crystalized.cosmetic.shardcorenexus3/shadow1": "sh4d0w_xd's डिज़ाइन",

	"crystalized.cosmetic/head/beanie": "बीनी ",
	"crystalized.cosmetic/head/crown": "ताज",
	"crystalized.cosmetic/head/fox_beret": "लोमड़ी बेरेट",
	"crystalized.cosmetic/head/headphones": "हेडफ़ोन",
	"crystalized.cosmetic/head/merica": "काउबॉय हैट",

	"crystalized.cosmetic/handheld/handbag": "हाथ में रखने वाला बैग",
	"crystalized.cosmetic/handheld/merica_flag": "अमेरिकी झंडा",

	"crystalized.item.bomb.name":"बम",
	"crystalized.item.bomb.desc":"यह एक बम है।",
	"crystalized.item.bomb.desc2":"इसे रखने के लिए टेराकोटा पर राइट क्लिक करें",
	"crystalized.item.bomb.desc3":"404: LORE_NOT_FOUND (चलो, मीरा)",
	"crystalized.item.nexusblock.name":"Nexus ब्लॉक",
	"crystalized.item.nexusblock.desc":"कोई नहीं जानता कि यह चीज कहां से आई है, लेकिन यह अब आपके कब्जे में है।",
	"crystalized.item.nexusblock.desc2":"कहा जाता है कि यह ऊर्जा का सबसे शक्तिशाली स्रोत है जो हाल ही में पाया गया है।",
	"crystalized.item.dragonarrow.name":"ड्रैगन तीर",
	"crystalized.item.arrows.name":"तीर",
	"crystalized.item.dragonarrow.desc":"टकराने पर, तीर के चारों ओर ड्रैगन की सांस पैदा होगी, जो खिलाड़ियों को इस पर चलने पर नुकसान पहुंचाएगी।",
	"crystalized.item.explosivearrow.name":"विस्फोटक तीर",
	"crystalized.item.explosivearrow.desc":"टकराने पर फट जाएगा। विस्फोटक धनुष से भरा हुआ है।",
	"crystalized.item.shardcore3.name":"शार्डकोर Nexus 3",
	"crystalized.item.shardcore3.desc":"यह सहायक डिवाइस आपकी लॉबी और इस सर्वर में आपकी सहायता करेगी!",
	"crystalized.item.shardcore3.actionbar":"डिवाइस को अनलॉक करने के लिए",
	"crystalized.item.weakshard.name":"कमजोर शार्ड",
	"crystalized.item.stoneshard.name":"मजबूत शार्ड",
	"crystalized.item.nexusshard.name":"Nexus शार्ड",
	"crystalized.item.defuser.name":"डिफ्यूज़र",
	"crystalized.item.defuser.desc1":"हारने वाले मत बनो,",
	"crystalized.item.defuser.desc2":"एक डिफ्यूज़र खरीदो - Tubbo",
	"crystalized.item.gapple.desc1":"Regeneration II पाँच सेकंड के लिए",
	"crystalized.item.gapple.desc2":"Absorption I दो मिनट के लिए",
	"crystalized.item.building.desc":"%1$s निर्माण ब्लॉक।",

	"crystalized.item.pickaxe.wooden.desc1":"शुरुवाती फावड़ा",
	"crystalized.item.pickaxe.wooden.desc2":"1 नेक्सस क्षति",
	"crystalized.item.pickaxe.stone.desc1":"औसत कुदाल, कहने को ज्यादा कुछ नहीं।",
	"crystalized.item.pickaxe.stone.desc2":"2 नेक्सस क्षति",
	"crystalized.item.pickaxe.iron.desc1":"यह कैसे टूट गया! यह कैसे टूट गया!",
	"crystalized.item.pickaxe.iron.desc2":"3 नेक्सस क्षति",
	"crystalized.item.pickaxe.diamond.desc1":"सबसे शक्तिशाली कुदाल.",
	"crystalized.item.pickaxe.diamond.desc2":"5 नेक्सस क्षति",

	"crystalized.sword.wood.desc":"शुरुवाती तलवार",
	"crystalized.sword.stone.desc":"औसत तलवार, कहने को ज्यादा कुछ नहीं।",
	"crystalized.sword.iron.desc":"मारो) छुरी",
	"crystalized.sword.diamond.desc":"सबसे शक्तिशाली तलवार.",
	"crystalized.sword.slime.name":"स्लाइम वाली तलवार",
	"crystalized.sword.slime.desc1":"यह खिलाड़ियों को पीछे धकेलती है",
	"crystalized.sword.slime.desc2":"और उन्हें धीमा कर देती है।",
	"crystalized.sword.pufferfish.name":"पफर फिश वाली तलवार",
	"crystalized.sword.pufferfish.desc":"मारने पर खिलाड़ियों को जहर का प्रभाव देती है।",
	"crystalized.sword.wind.name":"हवा का खंजर",
	"crystalized.sword.wind.desc":"डैश क्षमता: डैश करने के लिए दाएं-क्लिक करें। आपके पास 2 डैश हैं, जिनकी कूलडाउन है।",
	"crystalized.sword.underdog.name":"कमजोर टीम की तलवार",
	"crystalized.sword.underdog.desc":" प्रत्येक टीम की हार पर तेज धार (Sharpness) स्तर प्राप्त करता है।",

	"crystalized.crossbow.desc":"तीर चलाएँ, एक बार लोड किए गए तीरों को बाद में उपयोग के लिए सहेजा जा सकता है।",
	"crystalized.crossbow.multi.name":"मल्टी क्रॉसबो",
	"crystalized.crossbow.multi.desc":"एक साथ कई तीर छोड़ती है।",
	"crystalized.crossbow.quickcharge.name":"तेज चार्ज वाली क्रॉसबो",
	"crystalized.crossbow.quickcharge.desc":"सामान्य से अधिक जल्दी चार्ज हो जाती है।",
	"crystalized.crossbow.charged.name":"चार्ज की हुई क्रॉसबो",
	"crystalized.crossbow.charged.desc":"तीरों को लेज़र बीम हमले में बदलकर खिलाड़ियों को तुरंत मार देती है!",

	"crystalized.bow.desc":"तीर चलाओ, अधिकतम दूरी के लिए पूरी तरह चार्ज करो।",
	"crystalized.bow.marksman.name":"निशानेबाज़ वाली धनुष",
	"crystalized.bow.marksman.desc":"हर दस ब्लॉक पर अतिरिक्त नुकसान देती है।",
	"crystalized.bow.explosive.name":"विस्फोटक धनुष",
	"crystalized.bow.explosive.desc1":"तीर टकराने पर फट जाते हैं।",
	"crystalized.bow.explosive.desc2":"तीर विस्फोटक सामग्री से भरे हुए हैं।",
	"crystalized.bow.ricochet.name":"रिकोशे धनुष",
	"crystalized.bow.ricochet.desc":"तीर कई बार उछलते हैं।",
	"crystalized.bow.angled.name":"कोणीय धनुष",
	"crystalized.bow.angled.desc":"एक क्षैतिज धारण धनुष जो अतिरिक्त क्षति पहुँचाता है।",

	"crystalized.orb.boost.name":"बूस्ट ऑर्ब",
	"crystalized.orb.boost.desc":"जिस दिशा में भी आप देख रहे हैं, गति को बढ़ाता है और आपको हवा में भी उठा सकता है।",
	"crystalized.orb.bridge.name":"ब्रिज ऑर्ब",
	"crystalized.orb.bridge.desc":"जिस दिशा में भी आप इसे फेंकते हैं, वहाँ एक पुल बन जाता है।",
	"crystalized.orb.explosive.name":"विस्फोटक ऑर्ब",
	"crystalized.orb.explosive.desc":"आग का गोला छोड़ता है।",
	"crystalized.orb.grappling.name":"ग्रैपल ऑर्ब",
	"crystalized.orb.grappling.desc":"एक ग्रैपल हुक फायर करता है जो आपको उस दिशा में खींचता है जहाँ आप इसे फेंकते हैं! इसे खिलाड़ियों को अपनी ओर खींचने के लिए भी इस्तेमाल किया जा सकता है।",
	"crystalized.orb.healing.name":"चिकित्सा ऑर्ब",
	"crystalized.orb.healing.desc":"tba",
	"crystalized.orb.knockout.name":"नॉकआउट ऑर्ब",
	"crystalized.orb.knockout.desc":"निकटतम खिलाड़ी को निशाना बनाने के लिए एक स्वचालित लक्ष्य मिसाइल लॉन्च करता है।",
	"crystalized.orb.poison.name":"जहरीला ऑर्ब",	
	"crystalized.orb.poison.desc":"tba",
	"crystalized.orb.winged.desc":"आपको आसमान में उड़ने की क्षमता देता है! (यह आपको एक एलीट्रा देगा, जो यदि लागू हो तो आपकी चेस्टप्लेट की जगह ले लेगा)",

	"crystalized.totem.antiair.name":"एंटी-एयर टोटेम",
	"crystalized.totem.antiair.desc":"टोटम के प्रभाव क्षेत्र में एलीट्रा की गति को रोकता है।",
	"crystalized.totem.cloud.name":"बादल टोटेम",
	"crystalized.totem.cloud.desc":"आपके नीचे एक प्लेटफ़ॉर्म बनाता है।",
	"crystalized.totem.defence.name":"रक्षा टोटेम",
	"crystalized.totem.defence.desc":"अपने दायरे में आने वाले सभी उड़ते प्रक्षेप्यों को अवरुद्ध करता है।",
	"crystalized.totem.healing.name":"मेडिकल टोटेम",
	"crystalized.totem.healing.desc":"टोटम के प्रभाव क्षेत्र में उपचार प्रदान करता है।",
	"crystalized.totem.launch.name":"लॉन्च टोटेम",
	"crystalized.totem.launch.desc1":"टोटम के प्रभाव क्षेत्र में खिलाड़ियों (आप सहित) को हवा में उछालता है।",
	"crystalized.totem.launch.desc2":"(यह आपको और अन्य खिलाड़ियों को एक एलीट्रा देगा, जो यदि लागू हो तो आपकी चेस्टप्लेट की जगह ले लेगा)",
	"crystalized.totem.slime.name":"स्लाइम टोटेम",
	"crystalized.totem.slime.desc":"tba",

	"title.multiplayer.other": "मल्टीप्लेयर - क्रिस्टलाइज़्ड",
	"container.inventory":" ",
	"menu.game": "§d§l क्रिस्टलाइज्ड"
}