{
	"crystalized.credits":"Tubbo_ & equipe TubNet (alguns recursos), Callum_Is_Bad, equipe Crystalized.",

	"crystalized.generic.yes":"Sim",
	"crystalized.generic.no":"Não",
	"crystalized.generic.accept":"Aceitar",
	"crystalized.generic.deny":"Recusar",

	"crystalized.game.generic.solo":"Sozinho",
	"crystalized.game.generic.teamed":"Times",
	"crystalized.game.generic.duos":"Duplas",
	"crystalized.game.generic.trios":"Trios",
	"crystalized.game.generic.kills":"Abates",
	"crystalized.game.generic.deaths":"Mortes",
	"crystalized.game.generic.team":"ᴇǫᴜɪᴘᴇ",
	"crystalized.game.generic.money":"ᴅɪɴʜᴇɪʀᴏ",
	"crystalized.game.generic.gameresults":"ʀᴇsᴜʟᴛᴀᴅᴏs ᴅᴀ ᴘᴀʀᴛɪᴅᴀ",
	"crystalized.game.generic.team.blue":"Azul",
	"crystalized.game.generic.team.cyan":"Ciano",
	"crystalized.game.generic.team.green":"Verde",
	"crystalized.game.generic.team.lemon":"Limão",
	"crystalized.game.generic.team.lime":"Lima",
	"crystalized.game.generic.team.magenta":"Magenta",
	"crystalized.game.generic.team.orange":"Laranja",
	"crystalized.game.generic.team.peach":"Pêra",
	"crystalized.game.generic.team.purple":"Roxo",
	"crystalized.game.generic.team.red":"Vermelho",
	"crystalized.game.generic.team.white":"Branco",
	"crystalized.game.generic.team.yellow":"Amarelo",

	"crystalized.lobby.chat.welcomemessage1":"Bem vindo à Crystalized!",
	"crystalized.lobby.chat.welcomemessage2":"Crystalized ainda está em desenvolvimento, bugs são esperados. Caso encontre algum bug, reporte para a equipe de desenvolvedores via discord.",
	"crystalized.lobby.chat.clientwarning":"Verificamos que você está usando um launcher (Feather Client, por exemplo) que pode causar problemas em Crystalized, recomendamos utilizar Fabric com Sodium + Iris para uma melhor experiência.",
	"crystalized.lobby.litestrike.shortdesc":"Modo de jogo PvP Equipe vs Equipe.",
	"crystalized.lobby.litestrike.desc1":"Neste jogo vocês serão separados em 2 equipes, Quebradores e Colocadores.",
	"crystalized.lobby.litestrike.desc2":"Os colocadores deverão plantar a bomba e defende-la, e os quebradores devem tentar",
	"crystalized.lobby.litestrike.desc3":"impedir a bomba de ser plantada ou remover ela.",
	"crystalized.lobby.litestrike.desc4":"Use a loja para comprar espadas especiais, arcos, bestas e items.",
	"crystalized.lobby.litestrike.credits":"Inspirado originalmente em TubNet \"Lightstrike\", refeito e agora open-source!",
	"crystalized.lobby.knockoff.shortdesc":"Super Smash Bros porém em Minecraft",
	"crystalized.lobby.knockoff.desc1":"Derrube outros jogadores. Diferente de um PvP normal, Você terá um sistema de porcentagem",
	"crystalized.lobby.knockoff.desc2":"de dano onde quanto maior ela, maior será a",
	"crystalized.lobby.knockoff.dsec3":"a repulsão aplicada. Durante o jogo, o mapa irá se desfazer em novas",
	"crystalized.lobby.knockoff.desc4":"seções, Powerups e blocos infinitos estarão disponíveis.",
	"crystalized.lobby.knockoff.credits":"Inspirado originalmente em TubNet \"Knockout\", refeito e agora open-source!",

	"crystalized.shardcore.app.settings.name":"Configurações",
	"crystalized.shardcore.app.profile.name":"Perfil",
	"crystalized.shardcore.app.games.name":"Jogos",
	"crystalized.shardcore.app.party.name":"Amigos & Grupo",
	"crystalized.shardcore.app.shop.name":"Loja de Fragmentos",
	"crystalized.shardcore.party.invite":"Você quer entrar neste grupo?",

	"crystalized.game.knockoff.name":"Knockoff",
	"crystalized.game.knockoff.round":"ʀᴏᴅᴀᴅᴀ",
	"crystalized.game.knockoff.lives":"ᴠɪᴅᴀs ʀᴇsᴛᴀɴᴛᴇs",
	"crystalized.game.knockoff.nextround":"ᴘʀóxɪᴍᴀ ʀᴏᴅᴀᴅᴀ",
	"crystalized.game.knockoff.respawn1":"Você irá renascer em ",
	"crystalized.game.knockoff.respawn2":" Segundos.",
	"crystalized.game.knockoff.powerupmessage":"Powerup!",
	"crystalized.game.knockoff.chat.powerup":"Um powerup apareceu!",
	"crystalized.game.knockoff.chat.movetosafety1":"O mapa está desintegrando, ",
	"crystalized.game.knockoff.chat.movetosafety2":"Vá para a zona segura!",
	"crystalized.game.knockoff.chat.hazard":"Perigo chegando:",
	"crystalized.game.knockoff.chat.deathknockoff":" foi derrubado por ",
	"crystalized.game.knockoff.chat.deathgeneric":" foi morto.",
	"crystalized.game.knockoff.chat.eliminated":" foi eliminado da partida",
	"crystalized.game.knockoff.win":"Venceu a partida!",

	"crystalized.game.litestrike.name":"Litestrike",
	"crystalized.game.litestrike.objective":"ᴍᴀɴᴛᴇɴʜᴀ-sᴇ ᴄᴏᴍ sᴜᴀ ᴇǫᴜɪᴘᴇ!",
	"crystalized.game.litestrike.start1":"ᴀ ᴘᴀʀᴛɪᴅᴀ ɪʀá ᴄᴏᴍᴇçᴀʀ ᴇᴍ ",
	"crystalized.game.litestrike.start2":" sᴇɢᴜɴᴅᴏs!",
	"crystalized.game.litestrike.breakers":"Quebradores",
	"crystalized.game.litestrike.placers":"Colocadores",
	"crystalized.game.litestrike.tutorial.generic1":" ᴠᴏᴄê é ᴜᴍ ",
	"crystalized.game.litestrike.tutorial.placer1":"sɪɢᴀ ᴄᴏᴍ sᴜᴀ ᴇǫᴜɪᴘᴇ ᴇ ᴘʟᴀɴᴛᴇ ᴜᴍᴀ ʙᴏᴍʙᴀ ᴇᴍ ᴜᴍ ᴅᴏs ʟᴏᴄᴀɪs ᴅᴇsɪɢɴᴀᴅᴏs!!",
	"crystalized.game.litestrike.tutorial.placer2":" ᴏᴜ ᴀʙᴀᴛᴀ ᴀ ᴇǫᴜɪᴘᴇ ɪɴɪᴍɪɢᴀ!",
	"crystalized.game.litestrike.tutorial.breaker1":" ᴀʙᴀᴛᴀ ᴀ ᴇǫᴜɪᴘᴇ ɪɴɪᴍɪɢᴀ ᴘᴀʀᴀ ᴘʀᴇᴠɪɴɪʀ ᴀ ʙᴏᴍʙᴀ ᴅᴇ sᴇʀ ᴘʟᴀɴᴛᴀᴅᴀ!",
	"crystalized.game.litestrike.tutorial.breaker2":" sᴇ ᴇʟᴇs ᴘʟᴀɴᴛᴀʀᴇᴍ ᴀ ʙᴏᴍʙᴀ, ᴅᴇғᴜsᴇ-ᴀ.",
	"crystalized.game.litestrike.switching":"ᴛʀᴏᴄᴀɴᴅᴏ ᴏs ʟᴀᴅᴏs!!",
	"crystalized.game.litestrike.bombplanted":"ᴀ ʙᴏᴍʙᴀ ғᴏɪ ᴘʟᴀɴᴛᴀᴅᴀ!",

	"crystalized.item.bomb.name":"A bomba!",
	"crystalized.item.bomb.desc":"Esta é a bomba.",
	"crystalized.item.bomb.desc2":"Pressione botão direito na terracota para colocar",
	"crystalized.item.bomb.desc3":"404: LORE_NOT_FOUND (cmon mira)",
	"crystalized.item.nexusblock.name":"Bloco do Nexus",
	"crystalized.item.nexusblock.desc":"Não se sabe de onde isto vem, porém você tem a seu dispor.",
	"crystalized.item.nexusblock.desc2":"Dizem ser a mais poderosa fonte de energia existente.",
	"crystalized.item.dragonarrow.name":"Flecha do Dragão",
	"crystalized.item.arrows.name":"Flechas",
	"crystalized.item.dragonarrow.desc":"Ao aterrissar, irá aplicar o bafo de dragão ao seu redor causando dano à jogadores que passarem por ele.",
	"crystalized.item.explosivearrow.name":"Flecha Explosiva",
	"crystalized.item.explosivearrow.desc":"Irá explodir ao aterrissar. Efeito amplificado com arco explosivo",
	"crystalized.item.shardcore3.name":"Shardcore Nexus 3",
	"crystalized.item.shardcore3.desc":"Este dispositivo irá ajudar você no lobby e no servidor!",
	"crystalized.item.shardcore3.actionbar":" para acessar o dispositivo.",

	"crystalized.item.defuser.name":"Desarmador",
	"crystalized.item.defuser.desc1":"Não seja um perdedor,",
	"crystalized.item.defuser.desc2":"compre um desarmador - Tubbo",
	"crystalized.item.gapple.desc1":"Regeneração II por 5s",
	"crystalized.item.gapple.desc2":"Absorção I por 2m",
	"crystalized.sword.stone.desc":"Sua espada inicial, você precisara melhora-la com o tempo.",
	"crystalized.sword.iron.desc":"apunhala apunhala!",
	"crystalized.sword.slime.name":"Espada de Slime",
	"crystalized.sword.slime.desc1":"Causa repulsão extra",
	"crystalized.sword.slime.desc2":"e desacelera jogadores.",
	"crystalized.sword.pufferfish.name":"Espada baiacu",
	"crystalized.sword.pufferfish.desc":"Causa veneno à jogadores.",
	"crystalized.sword.wind.desc":"Habilidade de dash: Clique com o direito para dar um dash..",

	"crystalized.crossbow.multi.name":"Besta Múltipla",
	"crystalized.crossbow.multi.desc":"Atira múltiplas flechas.",
	"crystalized.crossbow.quickcharge.name":"Besta de carga rápida",
	"crystalized.crossbow.quickcharge.desc":"Carrega flechas mais rapidamente.",
	"crystalized.crossbow.charged.name":"Besta carregada",
	"crystalized.crossbow.charged.desc":"Troca flechas por lazers que acertam jogadores instantaneamente!",

	"crystalized.bow.marksman.name":"Arco do Atirador",
	"crystalized.bow.marksman.desc":"Dano extra a cada 10 blocos.",
	"crystalized.bow.explosive.name":"Arco explosivo",
	"crystalized.bow.explosive.desc1":"Flechas explodem ao aterrissar.",
	"crystalized.bow.explosive.desc2":"Efeito amplificado com flechas explosivas.",
	"crystalized.bow.ricochet.name":"Arco Ricochete",
	"crystalized.bow.ricochet.desc":"Flechas ricocheteiam varias vezes.",

	"crystalized.orb.boost.name":"Orbe impulsionador",
	"crystalized.orb.boost.desc":"Impulsiona você na direção que estiver olhando, inclusive no ar.",
	"crystalized.orb.bridge.name":"Orbe Construtor",
	"crystalized.orb.bridge.desc":"Constrói uma ponte na direção em que estiver olhando.",
	"crystalized.orb.explosive.name":"Orbe Explosiva",
	"crystalized.orb.explosive.desc":"Arremessa uma bola de fogo.",
	"crystalized.orb.grappling.name":"Orbe de Gancho",
	"crystalized.orb.grappling.desc":"Arremessa um gancho que movera você para onde o gancho aterrissar. Pode ser utilizado para trazer jogadores até você.",
	"crystalized.orb.healing.name":"Orbe da Cura",
	"crystalized.orb.healing.desc":"tba",
	"crystalized.orb.knockout.name":"Orbe de Nocaute",
	"crystalized.orb.knockout.desc":"Aremessa um míssel teleguiado em direção ao player mais próximo.",
	"crystalized.orb.poison.name":"Orbe do Veneno",
	"crystalized.orb.poison.desc":"tba",
	"crystalized.orb.winged.name":"Orbe Alada",
	"crystalized.orb.winged.desc":"Aremessa você aos céus! (Te dará um élitros no local do peitoral se possível)",

	"crystalized.totem.antiair.name":"Totem anti-aéreo",
	"crystalized.totem.antiair.desc":"Cancela efeito de élitros ao seu redor.",
	"crystalized.totem.cloud.name":"Totem da Nuvem",
	"crystalized.totem.cloud.desc":"Cria uma plataforma abaixo de você.",
	"crystalized.totem.defence.name":"Totem da defesa",
	"crystalized.totem.defence.desc":"tba",
	"crystalized.totem.healing.name":"Totem da Cura",
	"crystalized.totem.healing.desc":"Te da regenerãção dentro da zona do totem.",
	"crystalized.totem.launch.name":"Totem de Arremesso",
	"crystalized.totem.launch.desc1":"Arremessa jogadores dentro da zona do totem (incluindo você) no ar.",
	"crystalized.totem.launch.desc2":"(Dara a você e os outros jogadores um élitros no local do peitoral se possível)",
	"crystalized.totem.slime.name":"Totem de Slime",
	"crystalized.totem.slime.desc":"tba",

	"title.multiplayer.other": "Multijogador - Crystalized",
	"container.inventory":" ",
	"menu.game": "§d§lCrystalized"
}